policy_key,policy_label_ko,color_path,sample_n,avg_score,plus2_first_rate_pct,minus2_first_rate_pct,plus3_first_rate_pct,minus3_first_rate_pct,profit_minus_loss_pp,avg_mfe_d5_pct,avg_mae_d5_pct,fast_win_rate_pct,loss_first_rate_pct,fill_pass_rate_pct
D0_POOL_ALL_RECENT_1M,최근 한 달 D0 후보 전체,X-X-X-X-X,20,,0.0,0.0,0.0,0.0,0.0,,,0.0,0.0,0.0
D0_POOL_ALL_RECENT_1M,최근 한 달 D0 후보 전체,O-O-O-O-O,13,,23.0769,69.2308,30.7692,61.5385,-30.7693,4.129,-22.6283,23.0769,69.2308,100.0
D0_POOL_ALL_RECENT_1M,최근 한 달 D0 후보 전체,O-Y-O-O-O,8,,50.0,50.0,50.0,50.0,0.0,7.885,-11.1945,50.0,50.0,100.0
D0_POOL_ALL_RECENT_1M,최근 한 달 D0 후보 전체,G-O-O-O-O,6,,100.0,0.0,100.0,0.0,100.0,22.6003,-11.466,100.0,0.0,100.0
D0_POOL_ALL_RECENT_1M,최근 한 달 D0 후보 전체,O-O-O-O-X,6,,0.0,0.0,16.6667,83.3333,-66.6666,-1.037,-20.2845,0.0,83.3333,100.0
D0_POOL_ALL_RECENT_1M,최근 한 달 D0 후보 전체,R-O-O-O-O,6,,0.0,100.0,0.0,100.0,-100.0,-1.9602,-23.6356,0.0,100.0,100.0
D0_POOL_ALL_RECENT_1M,최근 한 달 D0 후보 전체,Y-O-O-O-O,6,,33.3333,66.6667,0.0,100.0,-100.0,6.1771,-12.4395,33.3333,66.6667,100.0
D0_POOL_ALL_RECENT_1M,최근 한 달 D0 후보 전체,Y-O-Y-O-O,6,,50.0,50.0,66.6667,33.3333,33.3334,15.7009,-5.5771,50.0,50.0,100.0
D0_POOL_ALL_RECENT_1M,최근 한 달 D0 후보 전체,O-O-O-G-O,5,,80.0,20.0,20.0,80.0,-60.0,4.2252,-17.7174,80.0,20.0,100.0
D0_POOL_ALL_RECENT_1M,최근 한 달 D0 후보 전체,O-O-O-O-Y,5,,40.0,60.0,20.0,80.0,-60.0,5.3803,-18.1625,40.0,60.0,100.0
D0_POOL_ALL_RECENT_1M,최근 한 달 D0 후보 전체,O-O-Y-O-O,5,,20.0,80.0,20.0,80.0,-60.0,4.7716,-14.4229,20.0,80.0,100.0
D0_POOL_ALL_RECENT_1M,최근 한 달 D0 후보 전체,O-O-Y-Y-O,5,,60.0,40.0,40.0,60.0,-20.0,6.5078,-12.5349,60.0,40.0,100.0
D0_POOL_ALL_RECENT_1M,최근 한 달 D0 후보 전체,Y-G-O-O-O,5,,60.0,40.0,40.0,60.0,-20.0,29.4277,-9.9093,60.0,40.0,100.0
D0_POOL_ALL_RECENT_1M,최근 한 달 D0 후보 전체,Y-O-Y-O-Y,5,,60.0,40.0,60.0,40.0,20.0,13.4452,-6.4154,60.0,40.0,100.0
D0_POOL_ALL_RECENT_1M,최근 한 달 D0 후보 전체,G-O-O-O-G,4,,100.0,0.0,100.0,0.0,100.0,16.8709,-6.4356,100.0,0.0,100.0
D0_POOL_ALL_RECENT_1M,최근 한 달 D0 후보 전체,O-O-O-Y-O,4,,75.0,0.0,50.0,50.0,0.0,3.43,-19.093,75.0,25.0,100.0
D0_POOL_ALL_RECENT_1M,최근 한 달 D0 후보 전체,O-O-X-X-X,4,,0.0,75.0,25.0,75.0,-50.0,4.9577,-17.9055,0.0,75.0,100.0
D0_POOL_ALL_RECENT_1M,최근 한 달 D0 후보 전체,O-O-Y-O-Y,4,,50.0,50.0,50.0,50.0,0.0,6.6376,-10.557,50.0,50.0,100.0
D0_POOL_ALL_RECENT_1M,최근 한 달 D0 후보 전체,R-R-Y-O-O,4,,0.0,100.0,0.0,100.0,-100.0,2.9419,-15.2606,0.0,100.0,100.0
D0_POOL_ALL_RECENT_1M,최근 한 달 D0 후보 전체,Y-G-Y-O-O,4,,50.0,50.0,75.0,25.0,50.0,36.8277,-1.8282,50.0,50.0,100.0
D0_POOL_ALL_RECENT_1M,최근 한 달 D0 후보 전체,Y-O-O-O-Y,4,,50.0,50.0,50.0,50.0,0.0,10.59,-13.4726,50.0,50.0,100.0
D0_POOL_ALL_RECENT_1M,최근 한 달 D0 후보 전체,Y-O-O-R-O,4,,25.0,75.0,25.0,75.0,-50.0,18.8297,-20.3838,25.0,75.0,100.0
D0_POOL_ALL_RECENT_1M,최근 한 달 D0 후보 전체,G-Y-O-Y-O,3,,100.0,0.0,100.0,0.0,100.0,31.458,3.0348,100.0,0.0,100.0
D0_POOL_ALL_RECENT_1M,최근 한 달 D0 후보 전체,O-G-O-O-O,3,,33.3333,66.6667,66.6667,33.3333,33.3334,14.1875,-12.4832,33.3333,66.6667,100.0
D0_POOL_ALL_RECENT_1M,최근 한 달 D0 후보 전체,O-O-G-O-O,3,,33.3333,33.3333,0.0,66.6667,-66.6667,6.4239,-14.4296,33.3333,33.3333,100.0
D0_POOL_ALL_RECENT_1M,최근 한 달 D0 후보 전체,O-O-G-Y-O,3,,0.0,100.0,0.0,100.0,-100.0,5.3946,-7.2231,0.0,100.0,100.0
D0_POOL_ALL_RECENT_1M,최근 한 달 D0 후보 전체,O-O-O-Y-X,3,,0.0,66.6667,33.3333,66.6667,-33.3334,1.1021,-10.6671,0.0,100.0,100.0
D0_POOL_ALL_RECENT_1M,최근 한 달 D0 후보 전체,O-O-O-Y-Y,3,,66.6667,33.3333,33.3333,66.6667,-33.3334,3.7459,-14.8842,66.6667,33.3333,100.0
D0_POOL_ALL_RECENT_1M,최근 한 달 D0 후보 전체,O-R-O-O-O,3,,0.0,100.0,0.0,100.0,-100.0,0.7635,-17.5791,0.0,100.0,100.0
D0_POOL_ALL_RECENT_1M,최근 한 달 D0 후보 전체,O-Y-O-O-Y,3,,33.3333,66.6667,0.0,100.0,-100.0,3.4441,-12.7106,33.3333,66.6667,100.0
D0_POOL_ALL_RECENT_1M,최근 한 달 D0 후보 전체,O-Y-O-Y-O,3,,0.0,100.0,0.0,100.0,-100.0,2.7508,-9.187,0.0,100.0,100.0
D0_POOL_ALL_RECENT_1M,최근 한 달 D0 후보 전체,O-Y-O-Y-Y,3,,33.3333,66.6667,33.3333,66.6667,-33.3334,19.9244,-11.9757,33.3333,66.6667,100.0
D0_POOL_ALL_RECENT_1M,최근 한 달 D0 후보 전체,O-Y-Y-O-O,3,,0.0,100.0,0.0,100.0,-100.0,0.5484,-22.1296,0.0,100.0,100.0
D0_POOL_ALL_RECENT_1M,최근 한 달 D0 후보 전체,R-Y-O-O-R,3,,0.0,100.0,0.0,100.0,-100.0,-1.2569,-17.2518,0.0,100.0,100.0
D0_POOL_ALL_RECENT_1M,최근 한 달 D0 후보 전체,Y-O-O-Y-O,3,,100.0,0.0,66.6667,33.3333,33.3334,18.6622,-4.5689,100.0,0.0,100.0
D0_POOL_ALL_RECENT_1M,최근 한 달 D0 후보 전체,Y-Y-O-O-O,3,,33.3333,33.3333,33.3333,66.6667,-33.3334,12.9635,-6.1686,33.3333,33.3333,100.0
D0_POOL_ALL_RECENT_1M,최근 한 달 D0 후보 전체,G-O-O-O-Y,2,,50.0,50.0,100.0,0.0,100.0,24.8094,-8.9098,50.0,50.0,100.0
D0_POOL_ALL_RECENT_1M,최근 한 달 D0 후보 전체,G-O-O-Y-Y,2,,100.0,0.0,100.0,0.0,100.0,14.8848,-2.8516,100.0,0.0,100.0
D0_POOL_ALL_RECENT_1M,최근 한 달 D0 후보 전체,G-O-Y-Y-X,2,,100.0,0.0,100.0,0.0,100.0,23.4886,-6.484,100.0,0.0,100.0
D0_POOL_ALL_RECENT_1M,최근 한 달 D0 후보 전체,G-R-G-G-O,2,,100.0,0.0,100.0,0.0,100.0,12.8908,-3.2708,100.0,0.0,100.0
D0_POOL_ALL_RECENT_1M,최근 한 달 D0 후보 전체,G-R-O-O-O,2,,100.0,0.0,100.0,0.0,100.0,24.6303,-15.0028,100.0,0.0,100.0
D0_POOL_ALL_RECENT_1M,최근 한 달 D0 후보 전체,G-R-Y-O-O,2,,100.0,0.0,100.0,0.0,100.0,16.4175,-5.1951,100.0,0.0,100.0
D0_POOL_ALL_RECENT_1M,최근 한 달 D0 후보 전체,G-X-O-O-O,2,,100.0,0.0,100.0,0.0,100.0,36.0534,-10.3408,100.0,0.0,100.0
D0_POOL_ALL_RECENT_1M,최근 한 달 D0 후보 전체,G-Y-G-O-O,2,,100.0,0.0,100.0,0.0,100.0,59.5203,3.5312,100.0,0.0,100.0
D0_POOL_ALL_RECENT_1M,최근 한 달 D0 후보 전체,G-Y-O-O-O,2,,100.0,0.0,100.0,0.0,100.0,21.4072,-2.5008,100.0,0.0,100.0
D0_POOL_ALL_RECENT_1M,최근 한 달 D0 후보 전체,O-G-R-O-O,2,,0.0,100.0,0.0,100.0,-100.0,1.4868,-13.4132,0.0,100.0,100.0
D0_POOL_ALL_RECENT_1M,최근 한 달 D0 후보 전체,O-G-Y-O-O,2,,50.0,50.0,50.0,50.0,0.0,6.7573,-4.7092,50.0,50.0,100.0
D0_POOL_ALL_RECENT_1M,최근 한 달 D0 후보 전체,O-O-G-G-O,2,,50.0,50.0,0.0,100.0,-100.0,3.6855,-12.0444,50.0,50.0,100.0
D0_POOL_ALL_RECENT_1M,최근 한 달 D0 후보 전체,O-O-R-O-R,2,,100.0,0.0,100.0,0.0,100.0,12.4388,-37.2169,100.0,0.0,100.0
D0_POOL_ALL_RECENT_1M,최근 한 달 D0 후보 전체,O-R-O-G-G,2,,0.0,100.0,0.0,100.0,-100.0,4.0184,-13.9431,0.0,100.0,100.0
D0_POOL_ALL_RECENT_1M,최근 한 달 D0 후보 전체,O-R-X-X-X,2,,0.0,100.0,0.0,100.0,-100.0,5.3388,-15.2416,0.0,100.0,100.0
D0_POOL_ALL_RECENT_1M,최근 한 달 D0 후보 전체,O-R-Y-O-X,2,,0.0,0.0,0.0,100.0,-100.0,-3.9825,-18.7377,0.0,100.0,100.0
D0_POOL_ALL_RECENT_1M,최근 한 달 D0 후보 전체,O-Y-O-O-G,2,,0.0,100.0,0.0,100.0,-100.0,9.2261,-8.0915,0.0,100.0,100.0
D0_POOL_ALL_RECENT_1M,최근 한 달 D0 후보 전체,O-Y-O-O-R,2,,0.0,100.0,0.0,100.0,-100.0,2.6935,-23.587,0.0,100.0,100.0
D0_POOL_ALL_RECENT_1M,최근 한 달 D0 후보 전체,O-Y-O-R-O,2,,50.0,50.0,50.0,50.0,0.0,13.6558,-16.4306,50.0,50.0,100.0
D0_POOL_ALL_RECENT_1M,최근 한 달 D0 후보 전체,O-Y-O-Y-G,2,,50.0,50.0,0.0,100.0,-100.0,34.2864,-5.3376,50.0,50.0,100.0
D0_POOL_ALL_RECENT_1M,최근 한 달 D0 후보 전체,O-Y-X-X-X,2,,50.0,50.0,50.0,50.0,0.0,10.453,-8.736,50.0,50.0,100.0
D0_POOL_ALL_RECENT_1M,최근 한 달 D0 후보 전체,O-Y-Y-Y-O,2,,50.0,50.0,0.0,100.0,-100.0,15.1349,-11.4644,50.0,50.0,100.0
D0_POOL_ALL_RECENT_1M,최근 한 달 D0 후보 전체,O-Y-Y-Y-Y,2,,0.0,100.0,0.0,100.0,-100.0,28.7939,-9.6518,0.0,100.0,100.0
D0_POOL_ALL_RECENT_1M,최근 한 달 D0 후보 전체,R-G-G-O-Y,2,,0.0,100.0,0.0,100.0,-100.0,15.7091,-8.1268,0.0,100.0,100.0
D0_POOL_ALL_RECENT_1M,최근 한 달 D0 후보 전체,R-O-G-G-O,2,,0.0,100.0,0.0,100.0,-100.0,11.7331,-9.5859,0.0,100.0,100.0
D0_POOL_ALL_RECENT_1M,최근 한 달 D0 후보 전체,R-O-O-O-G,2,,0.0,100.0,0.0,100.0,-100.0,0.6032,-7.4137,0.0,100.0,100.0
D0_POOL_ALL_RECENT_1M,최근 한 달 D0 후보 전체,R-O-X-X-X,2,,0.0,100.0,0.0,100.0,-100.0,0.21,-9.3165,0.0,100.0,100.0
D0_POOL_ALL_RECENT_1M,최근 한 달 D0 후보 전체,R-O-Y-O-O,2,,0.0,100.0,0.0,100.0,-100.0,0.9019,-15.3175,0.0,100.0,100.0
D0_POOL_ALL_RECENT_1M,최근 한 달 D0 후보 전체,R-R-R-O-Y,2,,0.0,100.0,0.0,100.0,-100.0,-0.3114,-18.4774,0.0,100.0,100.0
D0_POOL_ALL_RECENT_1M,최근 한 달 D0 후보 전체,R-Y-G-O-O,2,,0.0,100.0,0.0,100.0,-100.0,5.2436,-8.4739,0.0,100.0,100.0
D0_POOL_ALL_RECENT_1M,최근 한 달 D0 후보 전체,R-Y-G-O-Y,2,,0.0,100.0,0.0,100.0,-100.0,9.5218,-10.9676,0.0,100.0,100.0
D0_POOL_ALL_RECENT_1M,최근 한 달 D0 후보 전체,X-O-O-O-O,2,,50.0,0.0,50.0,50.0,0.0,15.9024,-24.7433,50.0,50.0,100.0
D0_POOL_ALL_RECENT_1M,최근 한 달 D0 후보 전체,Y-G-Y-O-Y,2,,50.0,50.0,50.0,50.0,0.0,49.3251,-3.3923,50.0,50.0,100.0
D0_POOL_ALL_RECENT_1M,최근 한 달 D0 후보 전체,Y-O-G-O-G,2,,0.0,100.0,50.0,50.0,0.0,17.6102,-4.4992,0.0,100.0,100.0
D0_POOL_ALL_RECENT_1M,최근 한 달 D0 후보 전체,Y-O-G-Y-G,2,,100.0,0.0,100.0,0.0,100.0,26.6575,-9.003,100.0,0.0,100.0
D0_POOL_ALL_RECENT_1M,최근 한 달 D0 후보 전체,Y-O-O-R-Y,2,,50.0,50.0,100.0,0.0,100.0,7.1787,-4.2944,50.0,50.0,100.0
D0_POOL_ALL_RECENT_1M,최근 한 달 D0 후보 전체,Y-O-O-Y-Y,2,,50.0,0.0,50.0,0.0,50.0,15.4603,-12.0612,50.0,0.0,100.0
D0_POOL_ALL_RECENT_1M,최근 한 달 D0 후보 전체,Y-O-R-O-Y,2,,50.0,50.0,50.0,50.0,0.0,13.8217,-13.687,50.0,50.0,100.0
D0_POOL_ALL_RECENT_1M,최근 한 달 D0 후보 전체,Y-O-X-X-X,2,,100.0,0.0,100.0,0.0,100.0,22.6889,-3.6816,100.0,0.0,100.0
D0_POOL_ALL_RECENT_1M,최근 한 달 D0 후보 전체,Y-O-Y-G-O,2,,50.0,50.0,50.0,50.0,0.0,21.6936,-4.0232,50.0,50.0,100.0
D0_POOL_ALL_RECENT_1M,최근 한 달 D0 후보 전체,Y-R-O-O-O,2,,0.0,100.0,0.0,100.0,-100.0,16.2523,-13.7111,0.0,100.0,100.0
D0_POOL_ALL_RECENT_1M,최근 한 달 D0 후보 전체,Y-Y-O-O-R,2,,50.0,50.0,50.0,50.0,0.0,27.2788,-11.4657,50.0,50.0,100.0
D0_POOL_ALL_RECENT_1M,최근 한 달 D0 후보 전체,Y-Y-O-Y-O,2,,50.0,50.0,100.0,0.0,100.0,23.0426,-2.6836,50.0,50.0,100.0
D0_POOL_ALL_RECENT_1M,최근 한 달 D0 후보 전체,Y-Y-Y-Y-G,2,,100.0,0.0,50.0,50.0,0.0,35.6897,-2.4474,100.0,0.0,100.0
D0_POOL_ALL_RECENT_1M,최근 한 달 D0 후보 전체,G-G-G-X-O,1,,100.0,0.0,100.0,0.0,100.0,108.2262,0.2571,100.0,0.0,100.0
D0_POOL_ALL_RECENT_1M,최근 한 달 D0 후보 전체,G-G-G-Y-G,1,,100.0,0.0,100.0,0.0,100.0,89.0284,2.3794,100.0,0.0,100.0
D0_POOL_ALL_RECENT_1M,최근 한 달 D0 후보 전체,G-G-O-O-O,1,,100.0,0.0,100.0,0.0,100.0,30.7163,0.6887,100.0,0.0,100.0
D0_POOL_ALL_RECENT_1M,최근 한 달 D0 후보 전체,G-G-R-G-O,1,,100.0,0.0,100.0,0.0,100.0,105.2632,16.0287,100.0,0.0,100.0
D0_POOL_ALL_RECENT_1M,최근 한 달 D0 후보 전체,G-G-R-O-O,1,,100.0,0.0,100.0,0.0,100.0,25.8134,-20.3037,100.0,0.0,100.0
D0_POOL_ALL_RECENT_1M,최근 한 달 D0 후보 전체,G-G-X-O-O,1,,100.0,0.0,100.0,0.0,100.0,62.1622,2.2022,100.0,0.0,100.0
D0_POOL_ALL_RECENT_1M,최근 한 달 D0 후보 전체,G-G-X-Y-Y,1,,100.0,0.0,100.0,0.0,100.0,27.0863,0.0707,100.0,0.0,100.0
D0_POOL_ALL_RECENT_1M,최근 한 달 D0 후보 전체,G-G-Y-G-Y,1,,100.0,0.0,100.0,0.0,100.0,59.8658,-1.062,100.0,0.0,100.0
D0_POOL_ALL_RECENT_1M,최근 한 달 D0 후보 전체,G-O-G-O-G,1,,100.0,0.0,100.0,0.0,100.0,11.9281,-10.2941,100.0,0.0,100.0
D0_POOL_ALL_RECENT_1M,최근 한 달 D0 후보 전체,G-O-G-O-R,1,,100.0,0.0,100.0,0.0,100.0,33.7647,-3.7647,100.0,0.0,100.0
D0_POOL_ALL_RECENT_1M,최근 한 달 D0 후보 전체,G-O-G-O-Y,1,,100.0,0.0,100.0,0.0,100.0,8.2108,-1.2255,100.0,0.0,100.0
D0_POOL_ALL_RECENT_1M,최근 한 달 D0 후보 전체,G-O-G-R-Y,1,,100.0,0.0,100.0,0.0,100.0,25.6693,-4.8819,100.0,0.0,100.0
D0_POOL_ALL_RECENT_1M,최근 한 달 D0 후보 전체,G-O-O-G-G,1,,100.0,0.0,100.0,0.0,100.0,19.0419,-6.7784,100.0,0.0,100.0
D0_POOL_ALL_RECENT_1M,최근 한 달 D0 후보 전체,G-O-O-G-Y,1,,100.0,0.0,100.0,0.0,100.0,25.8547,-2.7778,100.0,0.0,100.0
D0_POOL_ALL_RECENT_1M,최근 한 달 D0 후보 전체,G-O-O-O-X,1,,0.0,0.0,100.0,0.0,100.0,53.0303,-0.8658,0.0,0.0,100.0
D0_POOL_ALL_RECENT_1M,최근 한 달 D0 후보 전체,G-O-O-R-Y,1,,100.0,0.0,100.0,0.0,100.0,21.5017,-16.4676,100.0,0.0,100.0
D0_POOL_ALL_RECENT_1M,최근 한 달 D0 후보 전체,G-O-R-G-R,1,,100.0,0.0,100.0,0.0,100.0,19.211,3.7736,100.0,0.0,100.0
D0_POOL_ALL_RECENT_1M,최근 한 달 D0 후보 전체,G-O-R-O-G,1,,100.0,0.0,100.0,0.0,100.0,8.0662,-14.3744,100.0,0.0,100.0
D0_POOL_ALL_RECENT_1M,최근 한 달 D0 후보 전체,G-O-X-X-X,1,,100.0,0.0,100.0,0.0,100.0,15.3553,-0.5076,100.0,0.0,100.0
D0_POOL_ALL_RECENT_1M,최근 한 달 D0 후보 전체,G-O-Y-O-O,1,,100.0,0.0,100.0,0.0,100.0,21.3705,1.626,100.0,0.0,100.0
D0_POOL_ALL_RECENT_1M,최근 한 달 D0 후보 전체,G-O-Y-O-R,1,,100.0,0.0,100.0,0.0,100.0,16.8591,-0.2309,100.0,0.0,100.0
D0_POOL_ALL_RECENT_1M,최근 한 달 D0 후보 전체,G-O-Y-Y-G,1,,100.0,0.0,100.0,0.0,100.0,107.6063,4.0268,100.0,0.0,100.0
D0_POOL_ALL_RECENT_1M,최근 한 달 D0 후보 전체,G-R-G-O-Y,1,,100.0,0.0,100.0,0.0,100.0,57.1429,-3.8462,100.0,0.0,100.0
D0_POOL_ALL_RECENT_1M,최근 한 달 D0 후보 전체,G-R-G-R-O,1,,100.0,0.0,100.0,0.0,100.0,39.3601,1.0417,100.0,0.0,100.0
D0_POOL_ALL_RECENT_1M,최근 한 달 D0 후보 전체,G-R-O-O-R,1,,100.0,0.0,100.0,0.0,100.0,15.969,-3.5659,100.0,0.0,100.0
D0_POOL_ALL_RECENT_1M,최근 한 달 D0 후보 전체,G-R-Y-R-R,1,,100.0,0.0,100.0,0.0,100.0,32.0442,-0.5525,100.0,0.0,100.0
D0_POOL_ALL_RECENT_1M,최근 한 달 D0 후보 전체,G-R-Y-Y-R,1,,100.0,0.0,100.0,0.0,100.0,28.8462,-6.3545,100.0,0.0,100.0
D0_POOL_ALL_RECENT_1M,최근 한 달 D0 후보 전체,G-X-G-X-O,1,,100.0,0.0,100.0,0.0,100.0,104.804,10.7459,100.0,0.0,100.0
D0_POOL_ALL_RECENT_1M,최근 한 달 D0 후보 전체,G-X-R-O-G,1,,100.0,0.0,100.0,0.0,100.0,27.8796,1.178,100.0,0.0,100.0
D0_POOL_ALL_RECENT_1M,최근 한 달 D0 후보 전체,G-X-X-X-X,1,,100.0,0.0,100.0,0.0,100.0,48.7539,0.0,100.0,0.0,100.0
D0_POOL_ALL_RECENT_1M,최근 한 달 D0 후보 전체,G-Y-G-Y-R,1,,100.0,0.0,100.0,0.0,100.0,57.0566,3.0752,100.0,0.0,100.0
D0_POOL_ALL_RECENT_1M,최근 한 달 D0 후보 전체,G-Y-O-G-O,1,,100.0,0.0,100.0,0.0,100.0,29.462,8.0945,100.0,0.0,100.0
D0_POOL_ALL_RECENT_1M,최근 한 달 D0 후보 전체,G-Y-O-R-G,1,,100.0,0.0,100.0,0.0,100.0,21.6814,-18.9712,100.0,0.0,100.0
D0_POOL_ALL_RECENT_1M,최근 한 달 D0 후보 전체,G-Y-O-Y-Y,1,,100.0,0.0,100.0,0.0,100.0,32.0346,-15.3989,100.0,0.0,100.0
D0_POOL_ALL_RECENT_1M,최근 한 달 D0 후보 전체,G-Y-R-O-O,1,,100.0,0.0,100.0,0.0,100.0,55.9284,3.132,100.0,0.0,100.0
D0_POOL_ALL_RECENT_1M,최근 한 달 D0 후보 전체,G-Y-R-O-Y,1,,100.0,0.0,100.0,0.0,100.0,15.9064,-8.7719,100.0,0.0,100.0
D0_POOL_ALL_RECENT_1M,최근 한 달 D0 후보 전체,G-Y-R-X-O,1,,100.0,0.0,100.0,0.0,100.0,28.8288,-1.1261,100.0,0.0,100.0
D0_POOL_ALL_RECENT_1M,최근 한 달 D0 후보 전체,G-Y-Y-G-G,1,,100.0,0.0,100.0,0.0,100.0,36.8785,3.5912,100.0,0.0,100.0
D0_POOL_ALL_RECENT_1M,최근 한 달 D0 후보 전체,G-Y-Y-Y-G,1,,100.0,0.0,100.0,0.0,100.0,66.2844,6.422,100.0,0.0,100.0
D0_POOL_ALL_RECENT_1M,최근 한 달 D0 후보 전체,O-G-G-O-O,1,,100.0,0.0,100.0,0.0,100.0,27.2727,-5.7618,100.0,0.0,100.0
D0_POOL_ALL_RECENT_1M,최근 한 달 D0 후보 전체,O-G-G-R-Y,1,,100.0,0.0,100.0,0.0,100.0,43.3283,-5.8471,100.0,0.0,100.0
D0_POOL_ALL_RECENT_1M,최근 한 달 D0 후보 전체,O-G-O-G-Y,1,,100.0,0.0,100.0,0.0,100.0,15.4068,-6.3474,100.0,0.0,100.0
D0_POOL_ALL_RECENT_1M,최근 한 달 D0 후보 전체,O-G-O-R-O,1,,0.0,100.0,0.0,100.0,-100.0,7.4,-7.1,0.0,100.0,100.0
D0_POOL_ALL_RECENT_1M,최근 한 달 D0 후보 전체,O-G-O-R-R,1,,100.0,0.0,100.0,0.0,100.0,11.271,-3.8969,100.0,0.0,100.0
D0_POOL_ALL_RECENT_1M,최근 한 달 D0 후보 전체,O-G-O-R-Y,1,,0.0,100.0,0.0,100.0,-100.0,15.674,-14.5246,0.0,100.0,100.0
D0_POOL_ALL_RECENT_1M,최근 한 달 D0 후보 전체,O-G-O-Y-R,1,,100.0,0.0,100.0,0.0,100.0,33.8118,-2.8708,100.0,0.0,100.0
D0_POOL_ALL_RECENT_1M,최근 한 달 D0 후보 전체,O-G-O-Y-X,1,,0.0,100.0,100.0,0.0,100.0,6.3855,-2.8916,0.0,100.0,100.0
D0_POOL_ALL_RECENT_1M,최근 한 달 D0 후보 전체,O-G-R-G-G,1,,0.0,100.0,0.0,100.0,-100.0,29.5796,-6.6066,0.0,100.0,100.0
D0_POOL_ALL_RECENT_1M,최근 한 달 D0 후보 전체,O-G-R-O-R,1,,0.0,100.0,0.0,100.0,-100.0,6.0109,-11.4754,0.0,100.0,100.0
D0_POOL_ALL_RECENT_1M,최근 한 달 D0 후보 전체,O-G-R-Y-G,1,,0.0,100.0,0.0,100.0,-100.0,18.927,-9.9851,0.0,100.0,100.0
D0_POOL_ALL_RECENT_1M,최근 한 달 D0 후보 전체,O-G-R-Y-O,1,,0.0,100.0,0.0,100.0,-100.0,26.3525,-3.4904,0.0,100.0,100.0
D0_POOL_ALL_RECENT_1M,최근 한 달 D0 후보 전체,O-G-R-Y-Y,1,,100.0,0.0,100.0,0.0,100.0,13.4021,-7.0876,100.0,0.0,100.0
D0_POOL_ALL_RECENT_1M,최근 한 달 D0 후보 전체,O-G-Y-G-G,1,,100.0,0.0,100.0,0.0,100.0,61.4876,-8.2645,100.0,0.0,100.0
D0_POOL_ALL_RECENT_1M,최근 한 달 D0 후보 전체,O-G-Y-G-O,1,,100.0,0.0,100.0,0.0,100.0,14.6402,-10.2233,100.0,0.0,100.0
D0_POOL_ALL_RECENT_1M,최근 한 달 D0 후보 전체,O-G-Y-O-G,1,,0.0,100.0,0.0,100.0,-100.0,14.6396,-3.6036,0.0,100.0,100.0
D0_POOL_ALL_RECENT_1M,최근 한 달 D0 후보 전체,O-G-Y-O-R,1,,100.0,0.0,100.0,0.0,100.0,46.5378,-3.3816,100.0,0.0,100.0
D0_POOL_ALL_RECENT_1M,최근 한 달 D0 후보 전체,O-G-Y-O-Y,1,,100.0,0.0,100.0,0.0,100.0,4.1368,-11.7485,100.0,0.0,100.0
D0_POOL_ALL_RECENT_1M,최근 한 달 D0 후보 전체,O-O-G-G-X,1,,0.0,100.0,0.0,100.0,-100.0,6.326,-8.3212,0.0,100.0,100.0
D0_POOL_ALL_RECENT_1M,최근 한 달 D0 후보 전체,O-O-G-O-X,1,,0.0,0.0,0.0,100.0,-100.0,2.5409,-21.2309,0.0,100.0,100.0
D0_POOL_ALL_RECENT_1M,최근 한 달 D0 후보 전체,O-O-G-O-Y,1,,0.0,100.0,0.0,100.0,-100.0,0.9512,-7.8478,0.0,100.0,100.0
D0_POOL_ALL_RECENT_1M,최근 한 달 D0 후보 전체,O-O-G-Y-Y,1,,0.0,100.0,0.0,100.0,-100.0,19.9593,-7.332,0.0,100.0,100.0
D0_POOL_ALL_RECENT_1M,최근 한 달 D0 후보 전체,O-O-O-G-G,1,,0.0,100.0,0.0,100.0,-100.0,5.0934,-11.2054,0.0,100.0,100.0
D0_POOL_ALL_RECENT_1M,최근 한 달 D0 후보 전체,O-O-O-G-R,1,,0.0,100.0,0.0,100.0,-100.0,5.2209,-15.4618,0.0,100.0,100.0
D0_POOL_ALL_RECENT_1M,최근 한 달 D0 후보 전체,O-O-O-O-R,1,,0.0,100.0,0.0,100.0,-100.0,0.1403,-17.1108,0.0,100.0,100.0
D0_POOL_ALL_RECENT_1M,최근 한 달 D0 후보 전체,O-O-O-R-O,1,,0.0,100.0,100.0,0.0,100.0,5.7338,-16.5176,0.0,100.0,100.0
D0_POOL_ALL_RECENT_1M,최근 한 달 D0 후보 전체,O-O-O-Y-G,1,,0.0,100.0,0.0,100.0,-100.0,19.279,-10.3448,0.0,100.0,100.0
D0_POOL_ALL_RECENT_1M,최근 한 달 D0 후보 전체,O-O-O-Y-R,1,,0.0,0.0,0.0,0.0,0.0,18.0077,-20.4981,0.0,0.0,100.0
D0_POOL_ALL_RECENT_1M,최근 한 달 D0 후보 전체,O-O-R-O-X,1,,0.0,0.0,0.0,100.0,-100.0,1.4278,-19.181,0.0,100.0,100.0
D0_POOL_ALL_RECENT_1M,최근 한 달 D0 후보 전체,O-O-R-O-Y,1,,100.0,0.0,100.0,0.0,100.0,4.1193,-11.9318,100.0,0.0,100.0
D0_POOL_ALL_RECENT_1M,최근 한 달 D0 후보 전체,O-O-R-Y-R,1,,100.0,0.0,100.0,0.0,100.0,24.7863,-13.8462,100.0,0.0,100.0
D0_POOL_ALL_RECENT_1M,최근 한 달 D0 후보 전체,O-O-R-Y-Y,1,,100.0,0.0,100.0,0.0,100.0,6.2305,-23.7539,100.0,0.0,100.0
D0_POOL_ALL_RECENT_1M,최근 한 달 D0 후보 전체,O-O-X-Y-O,1,,0.0,100.0,0.0,100.0,-100.0,0.4082,-12.449,0.0,100.0,100.0
D0_POOL_ALL_RECENT_1M,최근 한 달 D0 후보 전체,O-O-Y-G-G,1,,0.0,100.0,0.0,100.0,-100.0,20.5,-9.625,0.0,100.0,100.0
D0_POOL_ALL_RECENT_1M,최근 한 달 D0 후보 전체,O-O-Y-G-O,1,,100.0,0.0,100.0,0.0,100.0,9.5469,-15.8576,100.0,0.0,100.0
D0_POOL_ALL_RECENT_1M,최근 한 달 D0 후보 전체,O-O-Y-O-G,1,,0.0,100.0,100.0,0.0,100.0,4.4527,-7.2356,0.0,100.0,100.0
D0_POOL_ALL_RECENT_1M,최근 한 달 D0 후보 전체,O-O-Y-O-X,1,,0.0,100.0,0.0,100.0,-100.0,11.9008,-14.876,0.0,100.0,100.0
D0_POOL_ALL_RECENT_1M,최근 한 달 D0 후보 전체,O-O-Y-R-G,1,,0.0,100.0,0.0,100.0,-100.0,0.0,-9.3443,0.0,100.0,100.0
D0_POOL_ALL_RECENT_1M,최근 한 달 D0 후보 전체,O-O-Y-R-Y,1,,0.0,100.0,0.0,100.0,-100.0,0.066,-10.363,0.0,100.0,100.0
D0_POOL_ALL_RECENT_1M,최근 한 달 D0 후보 전체,O-O-Y-Y-Y,1,,0.0,100.0,0.0,100.0,-100.0,17.2705,-6.5217,0.0,100.0,100.0
D0_POOL_ALL_RECENT_1M,최근 한 달 D0 후보 전체,O-R-G-O-X,1,,0.0,0.0,0.0,100.0,-100.0,-3.8905,-22.1902,0.0,100.0,100.0
D0_POOL_ALL_RECENT_1M,최근 한 달 D0 후보 전체,O-R-G-O-Y,1,,100.0,0.0,100.0,0.0,100.0,5.25,-29.9,100.0,0.0,100.0
D0_POOL_ALL_RECENT_1M,최근 한 달 D0 후보 전체,O-R-O-G-Y,1,,100.0,0.0,0.0,100.0,-100.0,10.3185,-13.6306,100.0,0.0,100.0
D0_POOL_ALL_RECENT_1M,최근 한 달 D0 후보 전체,O-R-O-O-R,1,,100.0,0.0,100.0,0.0,100.0,14.4654,-14.7799,100.0,0.0,100.0
D0_POOL_ALL_RECENT_1M,최근 한 달 D0 후보 전체,O-R-O-O-Y,1,,0.0,100.0,0.0,100.0,-100.0,-1.4981,-18.2584,0.0,100.0,100.0
D0_POOL_ALL_RECENT_1M,최근 한 달 D0 후보 전체,O-R-O-Y-G,1,,0.0,100.0,0.0,100.0,-100.0,0.1339,-21.1513,0.0,100.0,100.0
D0_POOL_ALL_RECENT_1M,최근 한 달 D0 후보 전체,O-R-O-Y-R,1,,0.0,100.0,0.0,100.0,-100.0,-0.1242,-29.1925,0.0,100.0,100.0
D0_POOL_ALL_RECENT_1M,최근 한 달 D0 후보 전체,O-R-R-G-R,1,,0.0,100.0,0.0,100.0,-100.0,8.8127,-7.4663,0.0,100.0,100.0
D0_POOL_ALL_RECENT_1M,최근 한 달 D0 후보 전체,O-R-Y-R-O,1,,100.0,0.0,100.0,0.0,100.0,3.038,-6.8354,100.0,0.0,100.0
D0_POOL_ALL_RECENT_1M,최근 한 달 D0 후보 전체,O-R-Y-R-R,1,,100.0,0.0,0.0,100.0,-100.0,2.261,-14.2857,100.0,0.0,100.0
D0_POOL_ALL_RECENT_1M,최근 한 달 D0 후보 전체,O-R-Y-R-X,1,,0.0,0.0,0.0,100.0,-100.0,-7.308,-24.7576,0.0,100.0,100.0
D0_POOL_ALL_RECENT_1M,최근 한 달 D0 후보 전체,O-R-Y-R-Y,1,,100.0,0.0,100.0,0.0,100.0,8.5786,-21.6656,100.0,0.0,100.0
D0_POOL_ALL_RECENT_1M,최근 한 달 D0 후보 전체,O-R-Y-Y-O,1,,100.0,0.0,100.0,0.0,100.0,9.4005,-2.9973,100.0,0.0,100.0
D0_POOL_ALL_RECENT_1M,최근 한 달 D0 후보 전체,O-X-O-R-X,1,,100.0,0.0,100.0,0.0,100.0,4.1522,-13.5813,100.0,0.0,100.0
D0_POOL_ALL_RECENT_1M,최근 한 달 D0 후보 전체,O-X-O-Y-O,1,,0.0,100.0,0.0,100.0,-100.0,-0.716,-11.9332,0.0,100.0,100.0
D0_POOL_ALL_RECENT_1M,최근 한 달 D0 후보 전체,O-X-X-X-X,1,,100.0,0.0,100.0,0.0,100.0,10.0484,-5.0847,100.0,0.0,100.0
D0_POOL_ALL_RECENT_1M,최근 한 달 D0 후보 전체,O-Y-G-G-O,1,,100.0,0.0,100.0,0.0,100.0,31.9889,-10.2921,100.0,0.0,100.0
D0_POOL_ALL_RECENT_1M,최근 한 달 D0 후보 전체,O-Y-G-G-R,1,,0.0,100.0,0.0,100.0,-100.0,23.9316,-7.0513,0.0,100.0,100.0
D0_POOL_ALL_RECENT_1M,최근 한 달 D0 후보 전체,O-Y-G-G-X,1,,100.0,0.0,100.0,0.0,100.0,20.8054,-6.4877,100.0,0.0,100.0
D0_POOL_ALL_RECENT_1M,최근 한 달 D0 후보 전체,O-Y-G-G-Y,1,,0.0,100.0,0.0,100.0,-100.0,47.3684,-6.7836,0.0,100.0,100.0
D0_POOL_ALL_RECENT_1M,최근 한 달 D0 후보 전체,O-Y-G-O-O,1,,100.0,0.0,100.0,0.0,100.0,31.0855,-2.9605,100.0,0.0,100.0
D0_POOL_ALL_RECENT_1M,최근 한 달 D0 후보 전체,O-Y-G-Y-G,1,,0.0,100.0,0.0,100.0,-100.0,31.3081,-9.1135,0.0,100.0,100.0
D0_POOL_ALL_RECENT_1M,최근 한 달 D0 후보 전체,O-Y-O-G-G,1,,0.0,100.0,0.0,100.0,-100.0,34.0,-7.1667,0.0,100.0,100.0
D0_POOL_ALL_RECENT_1M,최근 한 달 D0 후보 전체,O-Y-O-O-X,1,,0.0,0.0,0.0,100.0,-100.0,4.5673,-22.5962,0.0,100.0,100.0
D0_POOL_ALL_RECENT_1M,최근 한 달 D0 후보 전체,O-Y-O-R-G,1,,0.0,100.0,0.0,100.0,-100.0,7.1895,-5.8824,0.0,100.0,100.0
D0_POOL_ALL_RECENT_1M,최근 한 달 D0 후보 전체,O-Y-R-G-Y,1,,0.0,100.0,0.0,100.0,-100.0,7.483,-9.9773,0.0,100.0,100.0
D0_POOL_ALL_RECENT_1M,최근 한 달 D0 후보 전체,O-Y-R-O-X,1,,0.0,0.0,0.0,100.0,-100.0,16.0443,-13.6929,0.0,100.0,100.0
D0_POOL_ALL_RECENT_1M,최근 한 달 D0 후보 전체,O-Y-R-R-X,1,,0.0,0.0,0.0,100.0,-100.0,11.6645,-11.3548,0.0,100.0,100.0
D0_POOL_ALL_RECENT_1M,최근 한 달 D0 후보 전체,O-Y-R-R-Y,1,,0.0,0.0,0.0,0.0,0.0,19.5918,-13.0612,0.0,0.0,100.0
D0_POOL_ALL_RECENT_1M,최근 한 달 D0 후보 전체,O-Y-R-Y-G,1,,0.0,100.0,0.0,100.0,-100.0,20.0286,-12.8755,0.0,100.0,100.0
D0_POOL_ALL_RECENT_1M,최근 한 달 D0 후보 전체,O-Y-X-Y-G,1,,0.0,100.0,0.0,100.0,-100.0,5.6471,-5.1765,0.0,100.0,100.0
D0_POOL_ALL_RECENT_1M,최근 한 달 D0 후보 전체,O-Y-Y-G-O,1,,100.0,0.0,0.0,100.0,-100.0,22.0532,-9.6958,100.0,0.0,100.0
D0_POOL_ALL_RECENT_1M,최근 한 달 D0 후보 전체,O-Y-Y-G-Y,1,,100.0,0.0,100.0,0.0,100.0,100.7913,-3.8576,100.0,0.0,100.0
D0_POOL_ALL_RECENT_1M,최근 한 달 D0 후보 전체,O-Y-Y-O-G,1,,100.0,0.0,0.0,100.0,-100.0,15.2284,-11.0406,100.0,0.0,100.0
D0_POOL_ALL_RECENT_1M,최근 한 달 D0 후보 전체,O-Y-Y-O-R,1,,100.0,0.0,100.0,0.0,100.0,20.8084,-5.5389,100.0,0.0,100.0
D0_POOL_ALL_RECENT_1M,최근 한 달 D0 후보 전체,O-Y-Y-O-Y,1,,0.0,100.0,0.0,100.0,-100.0,1.2443,-8.371,0.0,100.0,100.0
D0_POOL_ALL_RECENT_1M,최근 한 달 D0 후보 전체,O-Y-Y-R-R,1,,100.0,0.0,100.0,0.0,100.0,19.1375,-12.938,100.0,0.0,100.0
D0_POOL_ALL_RECENT_1M,최근 한 달 D0 후보 전체,O-Y-Y-X-G,1,,0.0,100.0,0.0,100.0,-100.0,27.9668,-11.2033,0.0,100.0,100.0
D0_POOL_ALL_RECENT_1M,최근 한 달 D0 후보 전체,O-Y-Y-X-R,1,,0.0,100.0,0.0,100.0,-100.0,3.5826,-7.6324,0.0,100.0,100.0
D0_POOL_ALL_RECENT_1M,최근 한 달 D0 후보 전체,R-G-G-O-R,1,,0.0,100.0,0.0,100.0,-100.0,16.9844,-11.9584,0.0,100.0,100.0
D0_POOL_ALL_RECENT_1M,최근 한 달 D0 후보 전체,R-G-O-O-O,1,,0.0,100.0,0.0,100.0,-100.0,5.5224,-10.7463,0.0,100.0,100.0
D0_POOL_ALL_RECENT_1M,최근 한 달 D0 후보 전체,R-G-O-Y-O,1,,0.0,100.0,0.0,100.0,-100.0,21.0155,-25.952,0.0,100.0,100.0
D0_POOL_ALL_RECENT_1M,최근 한 달 D0 후보 전체,R-G-R-O-O,1,,0.0,100.0,0.0,100.0,-100.0,19.757,-12.0844,0.0,100.0,100.0
D0_POOL_ALL_RECENT_1M,최근 한 달 D0 후보 전체,R-G-Y-O-O,1,,0.0,100.0,0.0,100.0,-100.0,16.2861,-7.3059,0.0,100.0,100.0
D0_POOL_ALL_RECENT_1M,최근 한 달 D0 후보 전체,R-G-Y-O-R,1,,0.0,100.0,0.0,100.0,-100.0,10.3794,-8.5183,0.0,100.0,100.0
D0_POOL_ALL_RECENT_1M,최근 한 달 D0 후보 전체,R-G-Y-R-R,1,,0.0,100.0,0.0,100.0,-100.0,16.1111,-3.8889,0.0,100.0,100.0
D0_POOL_ALL_RECENT_1M,최근 한 달 D0 후보 전체,R-O-G-Y-O,1,,0.0,100.0,0.0,100.0,-100.0,26.6742,-5.9024,0.0,100.0,100.0
D0_POOL_ALL_RECENT_1M,최근 한 달 D0 후보 전체,R-O-O-O-Y,1,,0.0,100.0,0.0,100.0,-100.0,1.2947,-16.8927,0.0,100.0,100.0
D0_POOL_ALL_RECENT_1M,최근 한 달 D0 후보 전체,R-O-O-R-G,1,,0.0,100.0,0.0,100.0,-100.0,0.4505,-10.961,0.0,100.0,100.0
D0_POOL_ALL_RECENT_1M,최근 한 달 D0 후보 전체,R-O-O-X-Y,1,,0.0,100.0,0.0,100.0,-100.0,5.1583,-7.3857,0.0,100.0,100.0
D0_POOL_ALL_RECENT_1M,최근 한 달 D0 후보 전체,R-O-O-Y-G,1,,0.0,100.0,0.0,100.0,-100.0,-0.1776,-21.5808,0.0,100.0,100.0
D0_POOL_ALL_RECENT_1M,최근 한 달 D0 후보 전체,R-O-Y-O-Y,1,,0.0,100.0,0.0,100.0,-100.0,0.1577,-7.2555,0.0,100.0,100.0
D0_POOL_ALL_RECENT_1M,최근 한 달 D0 후보 전체,R-R-G-R-G,1,,0.0,100.0,0.0,100.0,-100.0,-6.1766,-21.0822,0.0,100.0,100.0
D0_POOL_ALL_RECENT_1M,최근 한 달 D0 후보 전체,R-R-O-O-O,1,,0.0,100.0,0.0,100.0,-100.0,-1.7032,-11.1922,0.0,100.0,100.0
D0_POOL_ALL_RECENT_1M,최근 한 달 D0 후보 전체,R-R-O-R-G,1,,0.0,100.0,0.0,100.0,-100.0,-2.7821,-17.9289,0.0,100.0,100.0
D0_POOL_ALL_RECENT_1M,최근 한 달 D0 후보 전체,R-R-O-R-O,1,,0.0,100.0,0.0,100.0,-100.0,-4.8052,-24.4156,0.0,100.0,100.0
D0_POOL_ALL_RECENT_1M,최근 한 달 D0 후보 전체,R-R-O-X-Y,1,,0.0,100.0,0.0,100.0,-100.0,-0.5865,-12.61,0.0,100.0,100.0
D0_POOL_ALL_RECENT_1M,최근 한 달 D0 후보 전체,R-R-O-Y-G,1,,0.0,100.0,0.0,100.0,-100.0,-6.0765,-20.22,0.0,100.0,100.0
D0_POOL_ALL_RECENT_1M,최근 한 달 D0 후보 전체,R-R-R-O-G,1,,0.0,100.0,0.0,100.0,-100.0,-3.3501,-15.8571,0.0,100.0,100.0
D0_POOL_ALL_RECENT_1M,최근 한 달 D0 후보 전체,R-R-R-Y-O,1,,0.0,100.0,0.0,100.0,-100.0,-1.4628,-22.6064,0.0,100.0,100.0
D0_POOL_ALL_RECENT_1M,최근 한 달 D0 후보 전체,R-R-X-X-X,1,,0.0,100.0,0.0,100.0,-100.0,-1.6949,-18.6441,0.0,100.0,100.0
D0_POOL_ALL_RECENT_1M,최근 한 달 D0 후보 전체,R-R-Y-Y-O,1,,0.0,100.0,0.0,100.0,-100.0,-0.1802,-23.2432,0.0,100.0,100.0
D0_POOL_ALL_RECENT_1M,최근 한 달 D0 후보 전체,R-Y-G-R-O,1,,0.0,100.0,0.0,100.0,-100.0,9.8592,-8.4507,0.0,100.0,100.0
D0_POOL_ALL_RECENT_1M,최근 한 달 D0 후보 전체,R-Y-O-G-R,1,,0.0,100.0,0.0,100.0,-100.0,13.4111,-10.4956,0.0,100.0,100.0
D0_POOL_ALL_RECENT_1M,최근 한 달 D0 후보 전체,R-Y-O-O-G,1,,0.0,100.0,0.0,100.0,-100.0,4.4248,-11.0619,0.0,100.0,100.0
D0_POOL_ALL_RECENT_1M,최근 한 달 D0 후보 전체,R-Y-O-O-O,1,,0.0,100.0,0.0,100.0,-100.0,0.8255,-10.7311,0.0,100.0,100.0
D0_POOL_ALL_RECENT_1M,최근 한 달 D0 후보 전체,R-Y-O-O-Y,1,,0.0,100.0,0.0,100.0,-100.0,-1.9694,-30.4158,0.0,100.0,100.0
D0_POOL_ALL_RECENT_1M,최근 한 달 D0 후보 전체,R-Y-O-R-O,1,,0.0,100.0,0.0,100.0,-100.0,-1.9182,-29.3286,0.0,100.0,100.0
D0_POOL_ALL_RECENT_1M,최근 한 달 D0 후보 전체,R-Y-O-Y-Y,1,,0.0,100.0,0.0,100.0,-100.0,22.6444,-7.2948,0.0,100.0,100.0
D0_POOL_ALL_RECENT_1M,최근 한 달 D0 후보 전체,R-Y-R-O-O,1,,0.0,100.0,0.0,100.0,-100.0,12.8205,-4.6154,0.0,100.0,100.0
D0_POOL_ALL_RECENT_1M,최근 한 달 D0 후보 전체,R-Y-R-R-X,1,,0.0,0.0,0.0,100.0,-100.0,8.8838,-17.9954,0.0,100.0,100.0
D0_POOL_ALL_RECENT_1M,최근 한 달 D0 후보 전체,R-Y-R-R-Y,1,,0.0,100.0,0.0,100.0,-100.0,8.3203,-24.3328,0.0,100.0,100.0
D0_POOL_ALL_RECENT_1M,최근 한 달 D0 후보 전체,R-Y-R-Y-O,1,,0.0,100.0,0.0,100.0,-100.0,19.1558,-10.0649,0.0,100.0,100.0
D0_POOL_ALL_RECENT_1M,최근 한 달 D0 후보 전체,R-Y-Y-O-G,1,,0.0,100.0,0.0,100.0,-100.0,28.9634,-4.878,0.0,100.0,100.0
D0_POOL_ALL_RECENT_1M,최근 한 달 D0 후보 전체,R-Y-Y-O-R,1,,0.0,100.0,0.0,100.0,-100.0,-5.8989,-29.6348,0.0,100.0,100.0
D0_POOL_ALL_RECENT_1M,최근 한 달 D0 후보 전체,X-G-O-O-O,1,,0.0,0.0,100.0,0.0,100.0,53.012,-31.3253,0.0,0.0,100.0
D0_POOL_ALL_RECENT_1M,최근 한 달 D0 후보 전체,X-G-O-Y-Y,1,,100.0,0.0,100.0,0.0,100.0,26.7748,-29.4118,100.0,0.0,100.0
D0_POOL_ALL_RECENT_1M,최근 한 달 D0 후보 전체,X-G-R-R-Y,1,,0.0,100.0,0.0,100.0,-100.0,16.9059,-7.177,0.0,100.0,100.0
D0_POOL_ALL_RECENT_1M,최근 한 달 D0 후보 전체,X-G-X-G-O,1,,0.0,0.0,100.0,0.0,100.0,114.4222,18.4336,0.0,0.0,100.0
D0_POOL_ALL_RECENT_1M,최근 한 달 D0 후보 전체,X-G-X-O-G,1,,0.0,0.0,100.0,0.0,100.0,63.6364,-8.9899,0.0,0.0,100.0
D0_POOL_ALL_RECENT_1M,최근 한 달 D0 후보 전체,X-O-G-G-O,1,,0.0,0.0,100.0,0.0,100.0,26.7606,-29.4992,0.0,0.0,100.0
D0_POOL_ALL_RECENT_1M,최근 한 달 D0 후보 전체,X-R-O-G-Y,1,,0.0,100.0,0.0,100.0,-100.0,-0.3236,-13.2686,0.0,100.0,100.0
D0_POOL_ALL_RECENT_1M,최근 한 달 D0 후보 전체,X-R-R-R-O,1,,0.0,0.0,0.0,100.0,-100.0,-4.4118,-49.2157,0.0,100.0,100.0
D0_POOL_ALL_RECENT_1M,최근 한 달 D0 후보 전체,X-Y-G-R-O,1,,0.0,0.0,100.0,0.0,100.0,6.0964,-2.0558,0.0,0.0,100.0
D0_POOL_ALL_RECENT_1M,최근 한 달 D0 후보 전체,X-Y-Y-O-R,1,,0.0,100.0,0.0,100.0,-100.0,10.4235,-12.5407,0.0,100.0,100.0
D0_POOL_ALL_RECENT_1M,최근 한 달 D0 후보 전체,Y-G-G-O-O,1,,100.0,0.0,100.0,0.0,100.0,52.7938,-3.2755,100.0,0.0,100.0
D0_POOL_ALL_RECENT_1M,최근 한 달 D0 후보 전체,Y-G-G-X-R,1,,100.0,0.0,100.0,0.0,100.0,62.5624,-2.1631,100.0,0.0,100.0
D0_POOL_ALL_RECENT_1M,최근 한 달 D0 후보 전체,Y-G-O-G-O,1,,100.0,0.0,100.0,0.0,100.0,8.8779,-2.836,100.0,0.0,100.0
D0_POOL_ALL_RECENT_1M,최근 한 달 D0 후보 전체,Y-G-O-R-O,1,,0.0,100.0,100.0,0.0,100.0,25.0751,-2.8529,0.0,100.0,100.0
D0_POOL_ALL_RECENT_1M,최근 한 달 D0 후보 전체,Y-G-O-R-Y,1,,100.0,0.0,100.0,0.0,100.0,25.3906,-1.9531,100.0,0.0,100.0
D0_POOL_ALL_RECENT_1M,최근 한 달 D0 후보 전체,Y-G-O-Y-Y,1,,0.0,100.0,0.0,100.0,-100.0,102.442,-4.884,0.0,100.0,100.0
D0_POOL_ALL_RECENT_1M,최근 한 달 D0 후보 전체,Y-G-R-Y-O,1,,0.0,100.0,0.0,100.0,-100.0,20.9003,-3.3762,0.0,100.0,100.0
D0_POOL_ALL_RECENT_1M,최근 한 달 D0 후보 전체,Y-G-R-Y-Y,1,,100.0,0.0,100.0,0.0,100.0,38.4546,-1.5274,100.0,0.0,100.0
D0_POOL_ALL_RECENT_1M,최근 한 달 D0 후보 전체,Y-G-Y-R-O,1,,100.0,0.0,100.0,0.0,100.0,60.5991,-0.9217,100.0,0.0,100.0
D0_POOL_ALL_RECENT_1M,최근 한 달 D0 후보 전체,Y-G-Y-R-X,1,,0.0,0.0,0.0,100.0,-100.0,34.5882,-3.0588,0.0,0.0,100.0
D0_POOL_ALL_RECENT_1M,최근 한 달 D0 후보 전체,Y-O-G-G-O,1,,0.0,100.0,0.0,100.0,-100.0,31.4815,-3.7037,0.0,100.0,100.0
D0_POOL_ALL_RECENT_1M,최근 한 달 D0 후보 전체,Y-O-G-G-R,1,,100.0,0.0,100.0,0.0,100.0,46.5944,-3.096,100.0,0.0,100.0
D0_POOL_ALL_RECENT_1M,최근 한 달 D0 후보 전체,Y-O-G-O-O,1,,100.0,0.0,100.0,0.0,100.0,27.7716,-3.6954,100.0,0.0,100.0
D0_POOL_ALL_RECENT_1M,최근 한 달 D0 후보 전체,Y-O-G-O-Y,1,,100.0,0.0,100.0,0.0,100.0,13.3583,-5.1186,100.0,0.0,100.0
D0_POOL_ALL_RECENT_1M,최근 한 달 D0 후보 전체,Y-O-G-R-Y,1,,0.0,100.0,0.0,100.0,-100.0,25.913,-5.7391,0.0,100.0,100.0
D0_POOL_ALL_RECENT_1M,최근 한 달 D0 후보 전체,Y-O-G-Y-O,1,,0.0,100.0,0.0,100.0,-100.0,7.1605,-4.5679,0.0,100.0,100.0
D0_POOL_ALL_RECENT_1M,최근 한 달 D0 후보 전체,Y-O-O-G-G,1,,0.0,100.0,0.0,100.0,-100.0,26.477,-6.7834,0.0,100.0,100.0
D0_POOL_ALL_RECENT_1M,최근 한 달 D0 후보 전체,Y-O-O-G-O,1,,0.0,100.0,0.0,100.0,-100.0,19.4699,-4.1794,0.0,100.0,100.0
D0_POOL_ALL_RECENT_1M,최근 한 달 D0 후보 전체,Y-O-O-O-G,1,,0.0,100.0,0.0,100.0,-100.0,30.0439,-5.9211,0.0,100.0,100.0
D0_POOL_ALL_RECENT_1M,최근 한 달 D0 후보 전체,Y-O-O-O-R,1,,100.0,0.0,100.0,0.0,100.0,5.8096,-7.1693,100.0,0.0,100.0
D0_POOL_ALL_RECENT_1M,최근 한 달 D0 후보 전체,Y-O-R-G-O,1,,100.0,0.0,100.0,0.0,100.0,11.3924,-26.3797,100.0,0.0,100.0
D0_POOL_ALL_RECENT_1M,최근 한 달 D0 후보 전체,Y-O-R-O-O,1,,0.0,100.0,0.0,100.0,-100.0,26.2136,-6.0333,0.0,100.0,100.0
D0_POOL_ALL_RECENT_1M,최근 한 달 D0 후보 전체,Y-O-R-Y-O,1,,100.0,0.0,0.0,100.0,-100.0,8.0139,-19.7735,100.0,0.0,100.0
D0_POOL_ALL_RECENT_1M,최근 한 달 D0 후보 전체,Y-O-R-Y-R,1,,100.0,0.0,100.0,0.0,100.0,17.7264,-15.6069,100.0,0.0,100.0
D0_POOL_ALL_RECENT_1M,최근 한 달 D0 후보 전체,Y-O-Y-G-G,1,,100.0,0.0,100.0,0.0,100.0,26.087,-5.4348,100.0,0.0,100.0
D0_POOL_ALL_RECENT_1M,최근 한 달 D0 후보 전체,Y-O-Y-O-G,1,,100.0,0.0,0.0,100.0,-100.0,25.9687,-4.2869,100.0,0.0,100.0
D0_POOL_ALL_RECENT_1M,최근 한 달 D0 후보 전체,Y-O-Y-O-R,1,,100.0,0.0,100.0,0.0,100.0,10.9299,-6.3622,100.0,0.0,100.0
D0_POOL_ALL_RECENT_1M,최근 한 달 D0 후보 전체,Y-O-Y-R-G,1,,100.0,0.0,100.0,0.0,100.0,15.5093,-8.1019,100.0,0.0,100.0
D0_POOL_ALL_RECENT_1M,최근 한 달 D0 후보 전체,Y-O-Y-R-O,1,,0.0,100.0,0.0,100.0,-100.0,9.2288,-21.1125,0.0,100.0,100.0
D0_POOL_ALL_RECENT_1M,최근 한 달 D0 후보 전체,Y-O-Y-Y-O,1,,100.0,0.0,100.0,0.0,100.0,5.6485,-28.4519,100.0,0.0,100.0
D0_POOL_ALL_RECENT_1M,최근 한 달 D0 후보 전체,Y-O-Y-Y-Y,1,,0.0,0.0,0.0,0.0,0.0,10.0467,-4.6145,0.0,0.0,100.0
D0_POOL_ALL_RECENT_1M,최근 한 달 D0 후보 전체,Y-R-O-G-G,1,,100.0,0.0,100.0,0.0,100.0,33.2639,-1.4055,100.0,0.0,100.0
D0_POOL_ALL_RECENT_1M,최근 한 달 D0 후보 전체,Y-R-O-Y-G,1,,100.0,0.0,100.0,0.0,100.0,13.1892,-15.6757,100.0,0.0,100.0
D0_POOL_ALL_RECENT_1M,최근 한 달 D0 후보 전체,Y-R-R-O-O,1,,100.0,0.0,100.0,0.0,100.0,5.4004,-21.9739,100.0,0.0,100.0
D0_POOL_ALL_RECENT_1M,최근 한 달 D0 후보 전체,Y-R-R-R-Y,1,,100.0,0.0,100.0,0.0,100.0,21.5956,-19.945,100.0,0.0,100.0
D0_POOL_ALL_RECENT_1M,최근 한 달 D0 후보 전체,Y-R-X-O-X,1,,0.0,0.0,0.0,100.0,-100.0,0.5474,-19.8905,0.0,100.0,100.0
D0_POOL_ALL_RECENT_1M,최근 한 달 D0 후보 전체,Y-R-Y-G-O,1,,100.0,0.0,100.0,0.0,100.0,4.6398,-5.9829,100.0,0.0,100.0
D0_POOL_ALL_RECENT_1M,최근 한 달 D0 후보 전체,Y-R-Y-O-G,1,,100.0,0.0,100.0,0.0,100.0,47.9087,-0.3802,100.0,0.0,100.0
D0_POOL_ALL_RECENT_1M,최근 한 달 D0 후보 전체,Y-R-Y-O-O,1,,100.0,0.0,100.0,0.0,100.0,24.5007,-8.522,100.0,0.0,100.0
D0_POOL_ALL_RECENT_1M,최근 한 달 D0 후보 전체,Y-R-Y-O-Y,1,,100.0,0.0,100.0,0.0,100.0,10.9712,-3.0576,100.0,0.0,100.0
D0_POOL_ALL_RECENT_1M,최근 한 달 D0 후보 전체,Y-R-Y-R-X,1,,0.0,0.0,0.0,100.0,-100.0,2.5057,-11.3895,0.0,100.0,100.0
D0_POOL_ALL_RECENT_1M,최근 한 달 D0 후보 전체,Y-X-G-O-O,1,,0.0,100.0,0.0,100.0,-100.0,75.1724,-21.3793,0.0,100.0,100.0
D0_POOL_ALL_RECENT_1M,최근 한 달 D0 후보 전체,Y-X-G-O-Y,1,,0.0,0.0,0.0,0.0,0.0,28.0738,-28.6885,0.0,0.0,100.0
D0_POOL_ALL_RECENT_1M,최근 한 달 D0 후보 전체,Y-X-G-Y-Y,1,,0.0,100.0,0.0,100.0,-100.0,57.3444,-4.8133,0.0,100.0,100.0
D0_POOL_ALL_RECENT_1M,최근 한 달 D0 후보 전체,Y-Y-G-G-Y,1,,100.0,0.0,100.0,0.0,100.0,23.1056,-3.1056,100.0,0.0,100.0
D0_POOL_ALL_RECENT_1M,최근 한 달 D0 후보 전체,Y-Y-G-O-O,1,,100.0,0.0,0.0,100.0,-100.0,35.1668,-4.3282,100.0,0.0,100.0
D0_POOL_ALL_RECENT_1M,최근 한 달 D0 후보 전체,Y-Y-G-Y-O,1,,100.0,0.0,100.0,0.0,100.0,60.8696,-1.3043,100.0,0.0,100.0
D0_POOL_ALL_RECENT_1M,최근 한 달 D0 후보 전체,Y-Y-G-Y-Y,1,,0.0,100.0,0.0,100.0,-100.0,44.9682,-4.586,0.0,100.0,100.0
D0_POOL_ALL_RECENT_1M,최근 한 달 D0 후보 전체,Y-Y-O-G-R,1,,0.0,100.0,0.0,100.0,-100.0,21.366,-6.655,0.0,100.0,100.0
D0_POOL_ALL_RECENT_1M,최근 한 달 D0 후보 전체,Y-Y-R-Y-O,1,,0.0,100.0,0.0,100.0,-100.0,60.6529,-7.732,0.0,100.0,100.0
D0_POOL_ALL_RECENT_1M,최근 한 달 D0 후보 전체,Y-Y-Y-G-O,1,,100.0,0.0,100.0,0.0,100.0,27.6408,-0.088,100.0,0.0,100.0
D0_POOL_ALL_RECENT_1M,최근 한 달 D0 후보 전체,Y-Y-Y-Y-O,1,,0.0,100.0,0.0,100.0,-100.0,26.3017,-3.7383,0.0,100.0,100.0
P0_LEGACY_D0_RANK_TOP3,기존 P0 d0_rank Top3,Y-O-Y-O-O,3,64.2928,100.0,0.0,100.0,0.0,100.0,16.323,-6.4245,66.6667,0.0,66.6667
P0_LEGACY_D0_RANK_TOP3,기존 P0 d0_rank Top3,G-Y-O-Y-O,2,60.0305,100.0,0.0,100.0,0.0,100.0,32.2433,1.4816,100.0,0.0,100.0
P0_LEGACY_D0_RANK_TOP3,기존 P0 d0_rank Top3,O-Y-Y-Y-Y,2,63.2211,50.0,50.0,50.0,50.0,0.0,35.3999,-6.0709,50.0,50.0,100.0
P0_LEGACY_D0_RANK_TOP3,기존 P0 d0_rank Top3,G-G-Y-G-Y,1,83.8035,100.0,0.0,100.0,0.0,100.0,59.8658,-1.062,100.0,0.0,100.0
P0_LEGACY_D0_RANK_TOP3,기존 P0 d0_rank Top3,G-G-Y-O-R,1,81.0573,100.0,0.0,100.0,0.0,100.0,55.0388,2.1142,100.0,0.0,100.0
P0_LEGACY_D0_RANK_TOP3,기존 P0 d0_rank Top3,G-O-O-G-Y,1,61.2757,100.0,0.0,100.0,0.0,100.0,25.8547,-2.7778,100.0,0.0,100.0
P0_LEGACY_D0_RANK_TOP3,기존 P0 d0_rank Top3,G-O-O-Y-Y,1,45.4356,100.0,0.0,100.0,0.0,100.0,10.8911,-4.2079,100.0,0.0,100.0
P0_LEGACY_D0_RANK_TOP3,기존 P0 d0_rank Top3,G-O-Y-O-O,1,32.8617,100.0,0.0,100.0,0.0,100.0,12.5406,-8.9019,100.0,0.0,100.0
P0_LEGACY_D0_RANK_TOP3,기존 P0 d0_rank Top3,G-R-Y-O-Y,1,56.7666,100.0,0.0,100.0,0.0,100.0,29.982,3.5907,100.0,0.0,100.0
P0_LEGACY_D0_RANK_TOP3,기존 P0 d0_rank Top3,G-X-O-O-O,1,43.741,100.0,0.0,100.0,0.0,100.0,30.962,-17.4616,100.0,0.0,100.0
P0_LEGACY_D0_RANK_TOP3,기존 P0 d0_rank Top3,G-Y-G-Y-R,1,83.8035,100.0,0.0,100.0,0.0,100.0,57.0566,3.0752,100.0,0.0,100.0
P0_LEGACY_D0_RANK_TOP3,기존 P0 d0_rank Top3,G-Y-O-R-G,1,79.7304,100.0,0.0,100.0,0.0,100.0,21.6814,-18.9712,100.0,0.0,100.0
P0_LEGACY_D0_RANK_TOP3,기존 P0 d0_rank Top3,G-Y-R-X-O,1,21.5887,100.0,0.0,100.0,0.0,100.0,28.8288,-1.1261,100.0,0.0,100.0
P0_LEGACY_D0_RANK_TOP3,기존 P0 d0_rank Top3,O-G-R-Y-O,1,56.7666,0.0,100.0,0.0,100.0,-100.0,26.3525,-3.4904,0.0,100.0,100.0
P0_LEGACY_D0_RANK_TOP3,기존 P0 d0_rank Top3,O-G-Y-Y-O,1,61.2757,100.0,0.0,100.0,0.0,100.0,24.5243,-3.8055,100.0,0.0,100.0
P0_LEGACY_D0_RANK_TOP3,기존 P0 d0_rank Top3,O-O-G-Y-Y,1,61.2757,0.0,100.0,0.0,100.0,-100.0,19.9593,-7.332,0.0,100.0,100.0
P0_LEGACY_D0_RANK_TOP3,기존 P0 d0_rank Top3,O-O-O-Y-O,1,60.4044,100.0,0.0,100.0,0.0,100.0,4.2582,-19.5055,100.0,0.0,100.0
P0_LEGACY_D0_RANK_TOP3,기존 P0 d0_rank Top3,O-O-O-Y-X,1,90.2988,0.0,0.0,0.0,100.0,-100.0,-2.9514,-15.7986,0.0,100.0,100.0
P0_LEGACY_D0_RANK_TOP3,기존 P0 d0_rank Top3,O-O-R-O-Y,1,61.6336,100.0,0.0,100.0,0.0,100.0,3.0111,-20.7607,100.0,0.0,100.0
P0_LEGACY_D0_RANK_TOP3,기존 P0 d0_rank Top3,O-O-X-X-X,1,35.2204,0.0,0.0,100.0,0.0,100.0,3.0139,-31.2983,0.0,0.0,100.0
P0_LEGACY_D0_RANK_TOP3,기존 P0 d0_rank Top3,O-O-Y-G-G,1,78.9037,0.0,100.0,0.0,100.0,-100.0,20.5,-9.625,0.0,100.0,100.0
P0_LEGACY_D0_RANK_TOP3,기존 P0 d0_rank Top3,O-O-Y-O-X,1,77.8671,0.0,0.0,0.0,100.0,-100.0,-0.636,-17.1731,0.0,100.0,100.0
P0_LEGACY_D0_RANK_TOP3,기존 P0 d0_rank Top3,O-O-Y-Y-Y,1,45.4356,0.0,100.0,0.0,100.0,-100.0,17.2705,-6.5217,0.0,100.0,100.0
P0_LEGACY_D0_RANK_TOP3,기존 P0 d0_rank Top3,O-R-G-O-Y,1,32.8617,100.0,0.0,100.0,0.0,100.0,5.25,-29.9,100.0,0.0,100.0
P0_LEGACY_D0_RANK_TOP3,기존 P0 d0_rank Top3,O-R-O-O-O,1,47.9968,0.0,100.0,0.0,100.0,-100.0,-1.2952,-31.4247,0.0,100.0,100.0
P0_LEGACY_D0_RANK_TOP3,기존 P0 d0_rank Top3,O-R-O-Y-G,1,49.4088,0.0,100.0,0.0,100.0,-100.0,0.1339,-21.1513,0.0,100.0,100.0
P0_LEGACY_D0_RANK_TOP3,기존 P0 d0_rank Top3,O-Y-G-G-G,1,78.9037,0.0,100.0,0.0,100.0,-100.0,46.0823,-3.9841,0.0,100.0,100.0
P0_LEGACY_D0_RANK_TOP3,기존 P0 d0_rank Top3,O-Y-G-R-O,1,49.4088,0.0,100.0,0.0,100.0,-100.0,5.7244,-16.7491,0.0,100.0,100.0
P0_LEGACY_D0_RANK_TOP3,기존 P0 d0_rank Top3,O-Y-O-O-G,1,72.8175,0.0,100.0,0.0,100.0,-100.0,3.6866,-10.7143,0.0,100.0,100.0
P0_LEGACY_D0_RANK_TOP3,기존 P0 d0_rank Top3,O-Y-O-O-O,1,60.4044,0.0,100.0,0.0,100.0,-100.0,9.6821,-11.9942,0.0,100.0,100.0
P0_LEGACY_D0_RANK_TOP3,기존 P0 d0_rank Top3,O-Y-O-R-G,1,30.5782,0.0,100.0,0.0,100.0,-100.0,7.1895,-5.8824,0.0,100.0,100.0
P0_LEGACY_D0_RANK_TOP3,기존 P0 d0_rank Top3,O-Y-Y-O-R,1,19.1608,100.0,0.0,100.0,0.0,100.0,20.8084,-5.5389,100.0,0.0,100.0
P0_LEGACY_D0_RANK_TOP3,기존 P0 d0_rank Top3,R-G-O-Y-O,1,32.8617,0.0,100.0,0.0,100.0,-100.0,0.4061,-28.8325,0.0,100.0,100.0
P0_LEGACY_D0_RANK_TOP3,기존 P0 d0_rank Top3,R-O-O-O-O,1,75.5465,0.0,100.0,0.0,100.0,-100.0,-0.4847,-25.6866,0.0,100.0,100.0
P0_LEGACY_D0_RANK_TOP3,기존 P0 d0_rank Top3,R-O-R-G-O,1,80.1729,0.0,100.0,0.0,100.0,-100.0,-2.7113,-21.0526,0.0,100.0,100.0
P0_LEGACY_D0_RANK_TOP3,기존 P0 d0_rank Top3,R-O-Y-G-R,1,49.4088,0.0,100.0,0.0,100.0,-100.0,1.4925,-20.0814,0.0,100.0,100.0
P0_LEGACY_D0_RANK_TOP3,기존 P0 d0_rank Top3,R-R-O-R-G,1,80.1729,0.0,100.0,0.0,100.0,-100.0,-2.7821,-17.9289,0.0,100.0,100.0
P0_LEGACY_D0_RANK_TOP3,기존 P0 d0_rank Top3,R-Y-O-O-O,1,80.8313,0.0,100.0,0.0,100.0,-100.0,0.8255,-10.7311,0.0,100.0,100.0
P0_LEGACY_D0_RANK_TOP3,기존 P0 d0_rank Top3,R-Y-O-Y-Y,1,69.1091,0.0,100.0,0.0,100.0,-100.0,22.6444,-7.2948,0.0,100.0,100.0
P0_LEGACY_D0_RANK_TOP3,기존 P0 d0_rank Top3,X-G-X-G-O,1,71.791,0.0,0.0,100.0,0.0,100.0,114.4222,18.4336,0.0,0.0,100.0
P0_LEGACY_D0_RANK_TOP3,기존 P0 d0_rank Top3,X-O-X-X-X,1,42.3353,100.0,0.0,100.0,0.0,100.0,4.7525,-13.0693,100.0,0.0,100.0
P0_LEGACY_D0_RANK_TOP3,기존 P0 d0_rank Top3,Y-G-G-G-Y,1,78.9037,100.0,0.0,100.0,0.0,100.0,61.9205,-1.3907,100.0,0.0,100.0
P0_LEGACY_D0_RANK_TOP3,기존 P0 d0_rank Top3,Y-G-O-Y-Y,1,82.0865,0.0,100.0,0.0,100.0,-100.0,102.442,-4.884,0.0,100.0,100.0
P0_LEGACY_D0_RANK_TOP3,기존 P0 d0_rank Top3,Y-G-Y-O-Y,1,86.6896,0.0,100.0,0.0,100.0,-100.0,43.5701,-4.7985,0.0,100.0,100.0
P0_LEGACY_D0_RANK_TOP3,기존 P0 d0_rank Top3,Y-G-Y-R-X,1,78.0919,0.0,0.0,0.0,100.0,-100.0,34.5882,-3.0588,0.0,0.0,100.0
P0_LEGACY_D0_RANK_TOP3,기존 P0 d0_rank Top3,Y-O-G-O-G,1,75.8906,0.0,100.0,0.0,100.0,-100.0,14.7447,-6.8847,0.0,100.0,100.0
P0_LEGACY_D0_RANK_TOP3,기존 P0 d0_rank Top3,Y-O-G-R-Y,1,56.7666,0.0,100.0,0.0,100.0,-100.0,25.913,-5.7391,0.0,100.0,100.0
P0_LEGACY_D0_RANK_TOP3,기존 P0 d0_rank Top3,Y-O-O-G-O,1,72.8175,0.0,100.0,100.0,0.0,100.0,12.5,-3.125,0.0,100.0,100.0
P0_LEGACY_D0_RANK_TOP3,기존 P0 d0_rank Top3,Y-O-O-O-Y,1,60.4044,0.0,0.0,100.0,0.0,100.0,18.2243,-2.3364,0.0,0.0,100.0
P0_LEGACY_D0_RANK_TOP3,기존 P0 d0_rank Top3,Y-O-O-R-O,1,61.6336,0.0,100.0,0.0,100.0,-100.0,11.4809,-13.9767,0.0,100.0,100.0
P0_LEGACY_D0_RANK_TOP3,기존 P0 d0_rank Top3,Y-O-R-G-O,1,53.5594,100.0,0.0,100.0,0.0,100.0,11.3924,-26.3797,100.0,0.0,100.0
P0_LEGACY_D0_RANK_TOP3,기존 P0 d0_rank Top3,Y-O-R-O-Y,1,19.1608,100.0,0.0,100.0,0.0,100.0,22.0877,-10.8926,100.0,0.0,100.0
P0_LEGACY_D0_RANK_TOP3,기존 P0 d0_rank Top3,Y-O-X-X-X,1,77.4077,100.0,0.0,100.0,0.0,100.0,18.9802,-2.5496,100.0,0.0,100.0
P0_LEGACY_D0_RANK_TOP3,기존 P0 d0_rank Top3,Y-O-Y-Y-O,1,69.1091,100.0,0.0,100.0,0.0,100.0,24.9226,-2.322,100.0,0.0,100.0
P0_LEGACY_D0_RANK_TOP3,기존 P0 d0_rank Top3,Y-R-O-O-O,1,75.5465,0.0,100.0,0.0,100.0,-100.0,21.6405,-16.9284,0.0,100.0,100.0
P0_LEGACY_D0_RANK_TOP3,기존 P0 d0_rank Top3,Y-R-X-O-X,1,75.1812,0.0,0.0,0.0,100.0,-100.0,0.5474,-19.8905,0.0,100.0,100.0
P0_LEGACY_D0_RANK_TOP3,기존 P0 d0_rank Top3,Y-R-Y-G-O,1,76.8583,100.0,0.0,100.0,0.0,100.0,4.6398,-5.9829,100.0,0.0,100.0
P0_LEGACY_D0_RANK_TOP3,기존 P0 d0_rank Top3,Y-Y-O-G-R,1,82.493,0.0,100.0,0.0,100.0,-100.0,21.366,-6.655,0.0,100.0,100.0
P0_LEGACY_D0_RANK_TOP3,기존 P0 d0_rank Top3,Y-Y-O-O-R,1,61.6336,0.0,100.0,0.0,100.0,-100.0,15.5172,-10.1724,0.0,100.0,100.0
P0_LEGACY_D0_RANK_TOP3,기존 P0 d0_rank Top3,Y-Y-O-R-O,1,19.1608,0.0,100.0,0.0,100.0,-100.0,22.8311,-7.1537,0.0,100.0,100.0
P0_LEGACY_D0_RANK_TOP3,기존 P0 d0_rank Top3,Y-Y-Y-O-O,1,81.0067,100.0,0.0,100.0,0.0,100.0,39.8747,-1.8789,100.0,0.0,100.0
P0_LEGACY_D0_RANK_TOP3,기존 P0 d0_rank Top3,Y-Y-Y-Y-O,1,81.0067,100.0,0.0,100.0,0.0,100.0,47.0911,-2.6345,100.0,0.0,100.0
P0_TRADING_VALUE_TOP3,거래대금 순수 Top3,Y-O-Y-O-O,3,64.2928,100.0,0.0,100.0,0.0,100.0,16.323,-6.4245,66.6667,0.0,66.6667
P0_TRADING_VALUE_TOP3,거래대금 순수 Top3,G-Y-O-Y-O,2,60.0305,100.0,0.0,100.0,0.0,100.0,32.2433,1.4816,100.0,0.0,100.0
P0_TRADING_VALUE_TOP3,거래대금 순수 Top3,O-R-G-O-Y,2,55.1543,100.0,0.0,100.0,0.0,100.0,7.2916,-16.95,100.0,0.0,100.0
P0_TRADING_VALUE_TOP3,거래대금 순수 Top3,O-Y-Y-Y-Y,2,63.2211,50.0,50.0,50.0,50.0,0.0,35.3999,-6.0709,50.0,50.0,100.0
P0_TRADING_VALUE_TOP3,거래대금 순수 Top3,Y-G-Y-O-Y,2,81.2535,50.0,50.0,50.0,50.0,0.0,49.3251,-3.3923,50.0,50.0,100.0
P0_TRADING_VALUE_TOP3,거래대금 순수 Top3,Y-O-O-O-O,2,78.2465,50.0,50.0,0.0,100.0,-100.0,5.2322,-8.0188,50.0,50.0,100.0
P0_TRADING_VALUE_TOP3,거래대금 순수 Top3,G-G-Y-G-Y,1,83.8035,100.0,0.0,100.0,0.0,100.0,59.8658,-1.062,100.0,0.0,100.0
P0_TRADING_VALUE_TOP3,거래대금 순수 Top3,G-G-Y-O-R,1,81.0573,100.0,0.0,100.0,0.0,100.0,55.0388,2.1142,100.0,0.0,100.0
P0_TRADING_VALUE_TOP3,거래대금 순수 Top3,G-O-G-Y-O,1,75.8906,100.0,0.0,100.0,0.0,100.0,19.403,-3.1045,100.0,0.0,100.0
P0_TRADING_VALUE_TOP3,거래대금 순수 Top3,G-O-O-G-Y,1,61.2757,100.0,0.0,100.0,0.0,100.0,25.8547,-2.7778,100.0,0.0,100.0
P0_TRADING_VALUE_TOP3,거래대금 순수 Top3,G-O-O-O-G,1,79.4252,100.0,0.0,100.0,0.0,100.0,15.4982,-3.5055,100.0,0.0,100.0
P0_TRADING_VALUE_TOP3,거래대금 순수 Top3,G-O-Y-O-O,1,32.8617,100.0,0.0,100.0,0.0,100.0,12.5406,-8.9019,100.0,0.0,100.0
P0_TRADING_VALUE_TOP3,거래대금 순수 Top3,G-R-Y-O-Y,1,56.7666,100.0,0.0,100.0,0.0,100.0,29.982,3.5907,100.0,0.0,100.0
P0_TRADING_VALUE_TOP3,거래대금 순수 Top3,G-Y-G-Y-R,1,83.8035,100.0,0.0,100.0,0.0,100.0,57.0566,3.0752,100.0,0.0,100.0
P0_TRADING_VALUE_TOP3,거래대금 순수 Top3,G-Y-O-R-G,1,79.7304,100.0,0.0,100.0,0.0,100.0,21.6814,-18.9712,100.0,0.0,100.0
P0_TRADING_VALUE_TOP3,거래대금 순수 Top3,G-Y-R-X-O,1,78.0919,100.0,0.0,100.0,0.0,100.0,28.8288,-1.1261,100.0,0.0,100.0
P0_TRADING_VALUE_TOP3,거래대금 순수 Top3,G-Y-Y-O-G,1,43.7228,100.0,0.0,100.0,0.0,100.0,47.1338,1.9108,100.0,0.0,100.0
P0_TRADING_VALUE_TOP3,거래대금 순수 Top3,O-G-O-G-Y,1,75.8906,100.0,0.0,100.0,0.0,100.0,15.4068,-6.3474,100.0,0.0,100.0
P0_TRADING_VALUE_TOP3,거래대금 순수 Top3,O-G-R-Y-O,1,82.493,0.0,100.0,0.0,100.0,-100.0,26.3525,-3.4904,0.0,100.0,100.0
P0_TRADING_VALUE_TOP3,거래대금 순수 Top3,O-G-Y-Y-O,1,61.2757,100.0,0.0,100.0,0.0,100.0,24.5243,-3.8055,100.0,0.0,100.0
P0_TRADING_VALUE_TOP3,거래대금 순수 Top3,O-O-G-G-O,1,79.4252,0.0,100.0,0.0,100.0,-100.0,12.3412,-5.0817,0.0,100.0,100.0
P0_TRADING_VALUE_TOP3,거래대금 순수 Top3,O-O-G-Y-Y,1,61.2757,0.0,100.0,0.0,100.0,-100.0,19.9593,-7.332,0.0,100.0,100.0
P0_TRADING_VALUE_TOP3,거래대금 순수 Top3,O-O-O-G-G,1,79.4252,0.0,100.0,0.0,100.0,-100.0,5.0934,-11.2054,0.0,100.0,100.0
P0_TRADING_VALUE_TOP3,거래대금 순수 Top3,O-O-O-G-O,1,47.9968,0.0,100.0,0.0,100.0,-100.0,8.2694,-14.237,0.0,100.0,100.0
P0_TRADING_VALUE_TOP3,거래대금 순수 Top3,O-O-O-O-O,1,80.8313,100.0,0.0,100.0,0.0,100.0,7.2773,-15.1819,100.0,0.0,100.0
P0_TRADING_VALUE_TOP3,거래대금 순수 Top3,O-O-O-Y-O,1,60.4044,100.0,0.0,100.0,0.0,100.0,4.2582,-19.5055,100.0,0.0,100.0
P0_TRADING_VALUE_TOP3,거래대금 순수 Top3,O-O-Y-O-X,1,77.8671,0.0,0.0,0.0,100.0,-100.0,-0.636,-17.1731,0.0,100.0,100.0
P0_TRADING_VALUE_TOP3,거래대금 순수 Top3,O-R-G-O-X,1,80.1729,0.0,0.0,0.0,100.0,-100.0,-4.9573,-15.3846,0.0,100.0,100.0
P0_TRADING_VALUE_TOP3,거래대금 순수 Top3,O-R-O-Y-G,1,49.4088,0.0,100.0,0.0,100.0,-100.0,0.1339,-21.1513,0.0,100.0,100.0
P0_TRADING_VALUE_TOP3,거래대금 순수 Top3,O-Y-G-R-O,1,49.4088,0.0,100.0,0.0,100.0,-100.0,5.7244,-16.7491,0.0,100.0,100.0
P0_TRADING_VALUE_TOP3,거래대금 순수 Top3,O-Y-O-G-G,1,73.3417,100.0,0.0,100.0,0.0,100.0,15.5251,-8.2192,100.0,0.0,100.0
P0_TRADING_VALUE_TOP3,거래대금 순수 Top3,O-Y-O-O-G,1,72.8175,0.0,100.0,0.0,100.0,-100.0,3.6866,-10.7143,0.0,100.0,100.0
P0_TRADING_VALUE_TOP3,거래대금 순수 Top3,O-Y-O-O-O,1,60.4044,0.0,100.0,0.0,100.0,-100.0,9.6821,-11.9942,0.0,100.0,100.0
P0_TRADING_VALUE_TOP3,거래대금 순수 Top3,O-Y-X-X-X,1,90.2988,100.0,0.0,100.0,0.0,100.0,11.5768,-3.1936,100.0,0.0,100.0
P0_TRADING_VALUE_TOP3,거래대금 순수 Top3,O-Y-Y-O-R,1,69.1091,100.0,0.0,100.0,0.0,100.0,20.8084,-5.5389,100.0,0.0,100.0
P0_TRADING_VALUE_TOP3,거래대금 순수 Top3,R-G-O-Y-O,1,53.5594,0.0,100.0,0.0,100.0,-100.0,0.4061,-28.8325,0.0,100.0,100.0
P0_TRADING_VALUE_TOP3,거래대금 순수 Top3,R-O-Y-G-R,1,49.4088,0.0,100.0,0.0,100.0,-100.0,1.4925,-20.0814,0.0,100.0,100.0
P0_TRADING_VALUE_TOP3,거래대금 순수 Top3,R-Y-G-O-O,1,76.8583,0.0,100.0,0.0,100.0,-100.0,4.6539,-8.1146,0.0,100.0,100.0
P0_TRADING_VALUE_TOP3,거래대금 순수 Top3,R-Y-O-O-O,1,80.8313,0.0,100.0,0.0,100.0,-100.0,0.8255,-10.7311,0.0,100.0,100.0
P0_TRADING_VALUE_TOP3,거래대금 순수 Top3,R-Y-O-Y-Y,1,69.1091,0.0,100.0,0.0,100.0,-100.0,22.6444,-7.2948,0.0,100.0,100.0
P0_TRADING_VALUE_TOP3,거래대금 순수 Top3,X-O-X-X-X,1,75.1812,100.0,0.0,100.0,0.0,100.0,4.7525,-13.0693,100.0,0.0,100.0
P0_TRADING_VALUE_TOP3,거래대금 순수 Top3,Y-G-O-O-Y,1,76.8583,100.0,0.0,100.0,0.0,100.0,13.8501,-1.6518,100.0,0.0,100.0
P0_TRADING_VALUE_TOP3,거래대금 순수 Top3,Y-G-O-Y-Y,1,82.0865,0.0,100.0,0.0,100.0,-100.0,102.442,-4.884,0.0,100.0,100.0
P0_TRADING_VALUE_TOP3,거래대금 순수 Top3,Y-G-Y-R-X,1,78.0919,0.0,0.0,0.0,100.0,-100.0,34.5882,-3.0588,0.0,0.0,100.0
P0_TRADING_VALUE_TOP3,거래대금 순수 Top3,Y-O-G-G-O,1,73.3417,0.0,100.0,0.0,100.0,-100.0,19.3396,-5.1887,0.0,100.0,100.0
P0_TRADING_VALUE_TOP3,거래대금 순수 Top3,Y-O-G-R-Y,1,82.493,0.0,100.0,0.0,100.0,-100.0,25.913,-5.7391,0.0,100.0,100.0
P0_TRADING_VALUE_TOP3,거래대금 순수 Top3,Y-O-O-G-O,1,72.8175,0.0,100.0,100.0,0.0,100.0,12.5,-3.125,0.0,100.0,100.0
P0_TRADING_VALUE_TOP3,거래대금 순수 Top3,Y-O-O-O-Y,1,60.4044,0.0,0.0,100.0,0.0,100.0,18.2243,-2.3364,0.0,0.0,100.0
P0_TRADING_VALUE_TOP3,거래대금 순수 Top3,Y-O-R-G-O,1,79.7304,100.0,0.0,100.0,0.0,100.0,11.3924,-26.3797,100.0,0.0,100.0
P0_TRADING_VALUE_TOP3,거래대금 순수 Top3,Y-O-R-O-Y,1,19.1608,100.0,0.0,100.0,0.0,100.0,22.0877,-10.8926,100.0,0.0,100.0
P0_TRADING_VALUE_TOP3,거래대금 순수 Top3,Y-O-X-X-X,1,30.5288,100.0,0.0,100.0,0.0,100.0,8.4862,-9.0596,100.0,0.0,100.0
P0_TRADING_VALUE_TOP3,거래대금 순수 Top3,Y-O-Y-Y-O,1,69.1091,100.0,0.0,100.0,0.0,100.0,24.9226,-2.322,100.0,0.0,100.0
P0_TRADING_VALUE_TOP3,거래대금 순수 Top3,Y-R-X-O-X,1,75.1812,0.0,0.0,0.0,100.0,-100.0,0.5474,-19.8905,0.0,100.0,100.0
P0_TRADING_VALUE_TOP3,거래대금 순수 Top3,Y-R-Y-G-O,1,76.8583,100.0,0.0,100.0,0.0,100.0,4.6398,-5.9829,100.0,0.0,100.0
P0_TRADING_VALUE_TOP3,거래대금 순수 Top3,Y-Y-O-G-R,1,82.493,0.0,100.0,0.0,100.0,-100.0,21.366,-6.655,0.0,100.0,100.0
P0_TRADING_VALUE_TOP3,거래대금 순수 Top3,Y-Y-O-O-R,1,61.6336,0.0,100.0,0.0,100.0,-100.0,15.5172,-10.1724,0.0,100.0,100.0
P0_TRADING_VALUE_TOP3,거래대금 순수 Top3,Y-Y-O-R-O,1,19.1608,0.0,100.0,0.0,100.0,-100.0,22.8311,-7.1537,0.0,100.0,100.0
P0_TRADING_VALUE_TOP3,거래대금 순수 Top3,Y-Y-Y-O-O,1,81.0067,100.0,0.0,100.0,0.0,100.0,39.8747,-1.8789,100.0,0.0,100.0
P0_TRADING_VALUE_TOP3,거래대금 순수 Top3,Y-Y-Y-Y-O,1,81.0067,100.0,0.0,100.0,0.0,100.0,47.0911,-2.6345,100.0,0.0,100.0
V2_FINAL_TOP3,최종 운영형 V2 Top3,G-Y-O-Y-O,2,81.2535,100.0,0.0,100.0,0.0,100.0,32.2433,1.4816,100.0,0.0,100.0
V2_FINAL_TOP3,최종 운영형 V2 Top3,R-O-G-G-O,2,82.8895,0.0,100.0,0.0,100.0,-100.0,19.1806,-5.6797,0.0,100.0,100.0
V2_FINAL_TOP3,최종 운영형 V2 Top3,G-G-O-Y-Y,1,87.6996,100.0,0.0,100.0,0.0,100.0,24.7563,1.1696,100.0,0.0,100.0
V2_FINAL_TOP3,최종 운영형 V2 Top3,G-G-Y-G-Y,1,83.8035,100.0,0.0,100.0,0.0,100.0,59.8658,-1.062,100.0,0.0,100.0
V2_FINAL_TOP3,최종 운영형 V2 Top3,G-G-Y-O-R,1,81.0573,100.0,0.0,100.0,0.0,100.0,55.0388,2.1142,100.0,0.0,100.0
V2_FINAL_TOP3,최종 운영형 V2 Top3,G-G-Y-R-O,1,82.2412,100.0,0.0,100.0,0.0,100.0,20.1212,-5.4545,100.0,0.0,100.0
V2_FINAL_TOP3,최종 운영형 V2 Top3,G-O-O-O-G,1,79.4252,100.0,0.0,100.0,0.0,100.0,15.4982,-3.5055,100.0,0.0,100.0
V2_FINAL_TOP3,최종 운영형 V2 Top3,G-O-O-O-Y,1,90.8864,100.0,0.0,100.0,0.0,100.0,22.9801,1.7838,100.0,0.0,100.0
V2_FINAL_TOP3,최종 운영형 V2 Top3,G-O-Y-Y-G,1,82.0865,100.0,0.0,100.0,0.0,100.0,107.6063,4.0268,100.0,0.0,100.0
V2_FINAL_TOP3,최종 운영형 V2 Top3,G-O-Y-Y-O,1,83.935,100.0,0.0,100.0,0.0,100.0,16.5089,-3.1361,100.0,0.0,100.0
V2_FINAL_TOP3,최종 운영형 V2 Top3,G-R-Y-Y-O,1,75.64,100.0,0.0,100.0,0.0,100.0,20.7865,-0.9831,100.0,0.0,100.0
V2_FINAL_TOP3,최종 운영형 V2 Top3,G-Y-O-G-O,1,88.0814,100.0,0.0,100.0,0.0,100.0,29.462,8.0945,100.0,0.0,100.0
V2_FINAL_TOP3,최종 운영형 V2 Top3,G-Y-O-R-G,1,81.0573,100.0,0.0,100.0,0.0,100.0,21.6814,-18.9712,100.0,0.0,100.0
V2_FINAL_TOP3,최종 운영형 V2 Top3,G-Y-O-R-Y,1,82.3028,100.0,0.0,100.0,0.0,100.0,18.5242,-1.7679,100.0,0.0,100.0
V2_FINAL_TOP3,최종 운영형 V2 Top3,O-G-G-O-Y,1,87.6996,0.0,100.0,0.0,100.0,-100.0,20.7547,-4.434,0.0,100.0,100.0
V2_FINAL_TOP3,최종 운영형 V2 Top3,O-G-O-O-O,1,90.8864,0.0,100.0,0.0,100.0,-100.0,18.9848,-4.5685,0.0,100.0,100.0
V2_FINAL_TOP3,최종 운영형 V2 Top3,O-G-O-Y-Y,1,88.0814,0.0,100.0,100.0,0.0,100.0,15.2125,-3.132,0.0,100.0,100.0
V2_FINAL_TOP3,최종 운영형 V2 Top3,O-G-R-Y-O,1,82.493,0.0,100.0,0.0,100.0,-100.0,26.3525,-3.4904,0.0,100.0,100.0
V2_FINAL_TOP3,최종 운영형 V2 Top3,O-O-G-G-O,1,79.4252,0.0,100.0,0.0,100.0,-100.0,12.3412,-5.0817,0.0,100.0,100.0
V2_FINAL_TOP3,최종 운영형 V2 Top3,O-O-G-O-O,1,90.8864,100.0,0.0,0.0,100.0,-100.0,8.1181,-13.2841,100.0,0.0,100.0
V2_FINAL_TOP3,최종 운영형 V2 Top3,O-O-O-G-G,1,79.4252,0.0,100.0,0.0,100.0,-100.0,5.0934,-11.2054,0.0,100.0,100.0
V2_FINAL_TOP3,최종 운영형 V2 Top3,O-O-O-O-O,1,80.8313,100.0,0.0,100.0,0.0,100.0,7.2773,-15.1819,100.0,0.0,100.0
V2_FINAL_TOP3,최종 운영형 V2 Top3,O-O-O-Y-X,1,90.2988,0.0,0.0,0.0,100.0,-100.0,-2.9514,-15.7986,0.0,100.0,100.0
V2_FINAL_TOP3,최종 운영형 V2 Top3,O-O-R-O-O,1,86.5309,0.0,100.0,0.0,100.0,-100.0,0.3504,-21.8641,0.0,100.0,100.0
V2_FINAL_TOP3,최종 운영형 V2 Top3,O-O-R-O-R,1,83.1983,100.0,0.0,100.0,0.0,100.0,14.0429,-34.0787,100.0,0.0,100.0
V2_FINAL_TOP3,최종 운영형 V2 Top3,O-O-R-Y-O,1,86.9116,0.0,100.0,0.0,100.0,-100.0,2.5915,-11.8902,0.0,100.0,100.0
V2_FINAL_TOP3,최종 운영형 V2 Top3,O-O-X-Y-O,1,84.9841,100.0,0.0,100.0,0.0,100.0,7.4251,-5.3892,100.0,0.0,100.0
V2_FINAL_TOP3,최종 운영형 V2 Top3,O-O-Y-G-G,1,78.9037,0.0,100.0,0.0,100.0,-100.0,20.5,-9.625,0.0,100.0,100.0
V2_FINAL_TOP3,최종 운영형 V2 Top3,O-O-Y-O-O,1,82.3801,100.0,0.0,0.0,100.0,-100.0,5.6376,-4.2953,100.0,0.0,100.0
V2_FINAL_TOP3,최종 운영형 V2 Top3,O-R-G-O-X,1,80.1729,0.0,0.0,0.0,100.0,-100.0,-4.9573,-15.3846,0.0,100.0,100.0
V2_FINAL_TOP3,최종 운영형 V2 Top3,O-R-O-O-R,1,86.5309,100.0,0.0,100.0,0.0,100.0,14.4654,-14.7799,100.0,0.0,100.0
V2_FINAL_TOP3,최종 운영형 V2 Top3,O-R-O-R-O,1,83.1983,100.0,0.0,100.0,0.0,100.0,5.6075,-36.3551,100.0,0.0,100.0
V2_FINAL_TOP3,최종 운영형 V2 Top3,O-R-X-X-X,1,85.3849,100.0,0.0,100.0,0.0,100.0,4.7672,-22.3947,100.0,0.0,100.0
V2_FINAL_TOP3,최종 운영형 V2 Top3,O-R-Y-O-O,1,86.9116,0.0,100.0,0.0,100.0,-100.0,1.7241,-10.6583,0.0,100.0,100.0
V2_FINAL_TOP3,최종 운영형 V2 Top3,O-X-Y-O-R,1,84.9841,0.0,100.0,0.0,100.0,-100.0,7.2967,-10.2871,0.0,100.0,100.0
V2_FINAL_TOP3,최종 운영형 V2 Top3,O-Y-G-G-G,1,78.9037,0.0,100.0,0.0,100.0,-100.0,46.0823,-3.9841,0.0,100.0,100.0
V2_FINAL_TOP3,최종 운영형 V2 Top3,O-Y-O-O-R,1,82.3801,100.0,0.0,100.0,0.0,100.0,7.9561,-3.2922,100.0,0.0,100.0
V2_FINAL_TOP3,최종 운영형 V2 Top3,O-Y-O-R-O,1,81.1058,0.0,100.0,0.0,100.0,-100.0,3.8585,-15.5949,0.0,100.0,100.0
V2_FINAL_TOP3,최종 운영형 V2 Top3,O-Y-O-Y-G,1,88.97,0.0,100.0,0.0,100.0,-100.0,38.6039,-5.5509,0.0,100.0,100.0
V2_FINAL_TOP3,최종 운영형 V2 Top3,O-Y-X-X-X,1,90.2988,100.0,0.0,100.0,0.0,100.0,11.5768,-3.1936,100.0,0.0,100.0
V2_FINAL_TOP3,최종 운영형 V2 Top3,O-Y-Y-G-Y,1,82.0865,100.0,0.0,100.0,0.0,100.0,100.7913,-3.8576,100.0,0.0,100.0
V2_FINAL_TOP3,최종 운영형 V2 Top3,O-Y-Y-O-O,1,83.935,0.0,100.0,0.0,100.0,-100.0,4.8555,-9.1329,0.0,100.0,100.0
V2_FINAL_TOP3,최종 운영형 V2 Top3,R-G-Y-O-R,1,82.3028,0.0,100.0,0.0,100.0,-100.0,10.3794,-8.5183,0.0,100.0,100.0
V2_FINAL_TOP3,최종 운영형 V2 Top3,R-O-O-R-O,1,86.5309,0.0,100.0,0.0,100.0,-100.0,-2.9299,-24.1401,0.0,100.0,100.0
V2_FINAL_TOP3,최종 운영형 V2 Top3,R-O-O-X-Y,1,84.9841,0.0,100.0,0.0,100.0,-100.0,5.1583,-7.3857,0.0,100.0,100.0
V2_FINAL_TOP3,최종 운영형 V2 Top3,R-O-R-O-R,1,83.1983,0.0,100.0,0.0,100.0,-100.0,0.7805,-34.439,0.0,100.0,100.0
V2_FINAL_TOP3,최종 운영형 V2 Top3,Y-G-G-G-Y,1,78.9037,100.0,0.0,100.0,0.0,100.0,61.9205,-1.3907,100.0,0.0,100.0
V2_FINAL_TOP3,최종 운영형 V2 Top3,Y-G-G-Y-R,1,82.2412,0.0,100.0,0.0,100.0,-100.0,20.267,-5.3398,0.0,100.0,100.0
V2_FINAL_TOP3,최종 운영형 V2 Top3,Y-G-O-Y-Y,1,82.0865,0.0,100.0,0.0,100.0,-100.0,102.442,-4.884,0.0,100.0,100.0
V2_FINAL_TOP3,최종 운영형 V2 Top3,Y-G-Y-O-Y,1,86.6896,0.0,100.0,0.0,100.0,-100.0,43.5701,-4.7985,0.0,100.0,100.0
V2_FINAL_TOP3,최종 운영형 V2 Top3,Y-O-G-O-Y,1,88.0814,100.0,0.0,100.0,0.0,100.0,17.5799,-1.8265,100.0,0.0,100.0
V2_FINAL_TOP3,최종 운영형 V2 Top3,Y-O-G-R-Y,1,82.493,0.0,100.0,0.0,100.0,-100.0,25.913,-5.7391,0.0,100.0,100.0
V2_FINAL_TOP3,최종 운영형 V2 Top3,Y-O-O-O-O,1,77.7591,100.0,0.0,100.0,0.0,100.0,7.9907,-6.9046,100.0,0.0,100.0
V2_FINAL_TOP3,최종 운영형 V2 Top3,Y-O-O-R-Y,1,86.9116,100.0,0.0,100.0,0.0,100.0,10.8197,-2.7869,100.0,0.0,100.0
V2_FINAL_TOP3,최종 운영형 V2 Top3,Y-O-O-Y-O,1,82.3801,100.0,0.0,100.0,0.0,100.0,7.8621,-3.8621,100.0,0.0,100.0
V2_FINAL_TOP3,최종 운영형 V2 Top3,Y-O-R-O-O,1,81.1058,100.0,0.0,100.0,0.0,100.0,6.7769,-15.2066,100.0,0.0,100.0
V2_FINAL_TOP3,최종 운영형 V2 Top3,Y-O-R-Y-G,1,82.3028,100.0,0.0,100.0,0.0,100.0,13.299,-6.0985,100.0,0.0,100.0
V2_FINAL_TOP3,최종 운영형 V2 Top3,Y-O-X-X-X,1,77.4077,100.0,0.0,100.0,0.0,100.0,18.9802,-2.5496,100.0,0.0,100.0
V2_FINAL_TOP3,최종 운영형 V2 Top3,Y-O-Y-G-R,1,88.97,0.0,100.0,0.0,100.0,-100.0,38.8374,-3.6226,0.0,100.0,100.0
V2_FINAL_TOP3,최종 운영형 V2 Top3,Y-O-Y-O-O,1,86.6896,100.0,0.0,100.0,0.0,100.0,25.0412,-1.1532,100.0,0.0,100.0
V2_FINAL_TOP3,최종 운영형 V2 Top3,Y-O-Y-O-Y,1,88.97,100.0,0.0,100.0,0.0,100.0,26.1444,-4.8415,100.0,0.0,100.0
V2_FINAL_TOP3,최종 운영형 V2 Top3,Y-Y-G-G-Y,1,82.2412,100.0,0.0,100.0,0.0,100.0,23.1056,-3.1056,100.0,0.0,100.0
V2_FINAL_TOP3,최종 운영형 V2 Top3,Y-Y-O-G-R,1,82.493,0.0,100.0,0.0,100.0,-100.0,21.366,-6.655,0.0,100.0,100.0
V2_FINAL_TOP3,최종 운영형 V2 Top3,Y-Y-Y-O-X,1,80.3715,0.0,0.0,100.0,0.0,100.0,23.9843,3.9318,0.0,0.0,100.0
